fas_code,enrollment,course_code
FAS-110293-2218-1-1-LEC,25,AFRAMER 134X
FAS-123591-2218-1-1-001,12,AFRAMER 11
FAS-156935-2218-1-1-LEC,20,AFRAMER 116
FAS-218543-2218-1-1-LEC,14,AFRAMER 183Y
FAS-126308-2218-1-1-001,17,IGBO AA
FAS-123435-2218-1-1-01,31,AFRAMER 197
FAS-119819-2218-1-1-001,9,SWAHILI AA
FAS-218312-2218-1-1-LEC,30,AFRAMER 202
FAS-109427-2218-1-1-001,10,AFRIKAAN AA
FAS-120953-2218-1-1-001,5,YORUBA BA
FAS-120952-2218-1-1-001,14,YORUBA AA
FAS-204110-2218-1-1-001,14,WSTAFRCN AA
FAS-205184-2218-1-1-001,10,ANTHRO 99A
FAS-126316-2218-1-1-001,14,ZULU AA
FAS-205494-2218-1-1-001,24,ANTHRO 98A
FAS-218808-2218-1-1-001,8,ANTHRO 1033
FAS-121141-2218-1-1-001,13,ANTHRO 1130
FAS-109568-2218-1-1-001,14,ANTHRO 1182
FAS-218180-2218-1-1-001,9,ANTHRO 1208
FAS-127050-2218-1-1-001,18,ANTHRO 1250
FAS-119379-2218-1-1-001,26,ANTHRO 1610
FAS-215111-2218-1-1-001,18,ANTHRO 1603
FAS-218707-2218-1-1-001,6,ANTHRO 1781
FAS-218758-2218-1-1-001,7,ANTHRO 1707
FAS-213467-2218-1-1-001,6,ANTHRO 1824
FAS-216164-2218-1-1-001,19,ANTHRO 1906
FAS-108968-2218-1-1-001,6,ANTHRO 2036
FAS-212905-2218-1-1-001,7,ANTHRO 2643
FAS-218183-2218-1-1-001,7,ANTHRO 2656
FAS-211109-2218-1-1-001,9,ANTHRO 2738
FAS-218184-2218-1-1-001,16,ANTHRO 2797
FAS-126265-2218-1-1-001,15,ANTHRO 2812
FAS-109898-2218-1-1-001,230,APCOMP 209A
FAS-128105-2218-1-1-001,146,APCOMP 207
FAS-215121-2218-1-1-001,69,APCOMP 215
FAS-218882-2218-1-1-001,30,APCOMP 295
FAS-156202-2218-1-1-001,22,APCOMP 297R
FAS-109339-2218-1-1-001,20,APCOMP 298R
FAS-213407-2218-1-1-001,81,APMTH 10
FAS-211334-2218-1-1-001,27,APMTH 22A
FAS-132127-2218-1-1-001,51,APMTH 101
FAS-122094-2218-1-1-001,51,APMTH 104
FAS-120198-2218-1-1-001,34,APMTH 111
FAS-156203-2218-1-1-001,19,APMTH 203
FAS-112798-2218-1-1-001,38,APMTH 201
FAS-123662-2218-1-1-001,68,APMTH 121
FAS-127561-2218-1-1-001,43,APMTH 207
FAS-110684-2218-1-1-001,82,APMTH 205
FAS-212912-2218-1-1-001,22,APMTH 226
FAS-108880-2218-1-1-001,53,APPHY 50A
FAS-127561-2218-1-1-002,43,APMTH 207
FAS-108880-2218-1-1-002,58,APPHY 50A
FAS-131331-2218-1-1-001,27,APPHY 195A
FAS-131392-2218-1-1-001,57,APPHY 284
FAS-124723-2218-1-1-001,20,APPHY 235
FAS-142998-2218-1-1-001,7,APPHY 282
FAS-121403-2218-1-1-001,11,APPHY 225
FAS-203312-2218-1-1-1,14,AFVS 12
FAS-218299-2218-1-1-001,9,AFVS 39
FAS-121758-2218-1-1-001,12,AFVS 15AR
FAS-111189-2218-1-1-1,10,AFVS 40A
FAS-203314-2218-1-1-1,14,AFVS 14
FAS-122184-2218-1-1-1,10,AFVS 41A
FAS-110676-2218-1-1-001,10,AFVS 53AR
FAS-114351-2218-1-1-001,8,AFVS 50A
FAS-218678-2218-1-1-1,10,AFVS 51S
FAS-126181-2218-1-1-001,10,AFVS 54S
FAS-216299-2218-1-1-001,12,AFVS 133
FAS-122679-2218-1-1-001,20,AFVS 107
FAS-216297-2218-1-1-001,13,AFVS 120
FAS-218300-2218-1-1-001,11,AFVS 137P
FAS-205346-2218-1-1-1,9,AFVS 141BR
FAS-213475-2218-1-1-1,19,AFVS 144M
FAS-114116-2218-1-1-001,9,AFVS 150A
FAS-217449-2218-1-1-1,7,AFVS 161L
FAS-218297-2218-1-1-001,8,AFVS 154J
FAS-115390-2218-1-1-001,7,AFVS 153AR
FAS-117143-2218-1-1-001,12,AFVS 166
FAS-218580-2218-1-1-1,7,AFVS 168T
FAS-110045-2218-1-1-1,12,AFVS 173
FAS-216346-2218-1-1-001,11,AFVS 179
FAS-156172-2218-1-1-1,16,AFVS 189G
FAS-218731-2218-1-1-1,14,AFVS 190T
FAS-119636-2218-1-1-001,10,AFVS 196R
FAS-213421-2218-1-1-001,9,AFVS 231
FAS-205183-2218-1-1-001,8,AFVS 215
FAS-111305-2218-1-1-L01,21,ASTRON 2
FAS-113797-2218-1-1-001,42,ASTRON 1
FAS-125884-2218-1-1-001,35,ASTRON 17
FAS-124966-2218-1-1-001,8,ASTRON 200
FAS-218228-2218-1-1-001,9,ASTRON 140
FAS-118139-2218-1-1-L01,17,ASTRON 202A
FAS-108130-2218-1-1-001,13,ASTRON 209
FAS-150189-2218-1-1-001,35,BE 110
FAS-113276-2218-1-1-001,25,BPH 208
FAS-110521-2218-1-1-001,11,BPH 219
FAS-119067-2218-1-1-001,17,BE 121
FAS-218831-2218-1-1-001,12,BIOPHYS 206
FAS-119848-2218-1-1-001,13,BIOSTAT 235
FAS-119846-2218-1-1-001,15,BIOSTAT 232
FAS-119844-2218-1-1-001,11,BIOSTAT 230
FAS-207727-2218-1-1-001,17,CELTIC 111
FAS-119850-2218-1-1-001,11,BIOSTAT 245
FAS-115137-2218-1-1-001,191,CHEM 17
FAS-123266-2218-1-1-001,8,IRISH 200
FAS-122592-2218-1-1-001,7,CPB 99A
FAS-118925-2218-1-1-001,34,CHEM 30
FAS-123022-2218-1-1-001,6,CHEM 100R
FAS-124554-2218-1-1-001,39,CHEM 101
FAS-110241-2218-1-1-01,41,CHEM 110
FAS-109110-2218-1-1-001,6,CHEM 145
FAS-112976-2218-1-1-001,39,CHEM 160
FAS-156395-2218-1-1-001,19,CHEM 155
FAS-116159-2218-1-1-1,10,CHEM 163
FAS-122175-2218-1-1-1,23,CHEM 170
FAS-107709-2218-1-1-1,13,CHEM 255
FAS-216524-2218-1-1-001,21,CHEM 177
FAS-123833-2218-1-1-001,181,LPS A
FAS-124905-2218-1-1-001,32,CHEM 301HFA
FAS-107367-2218-1-1-001,18,PHYSCI 10
FAS-113591-2218-1-1-001,7,CLASSIC 350
FAS-218326-2218-1-1-001,16,CLASARCH 146
FAS-116729-2218-1-1-001,17,CLS-STDY 97A
FAS-218328-2218-1-1-001,9,CLS-STDY 134
FAS-203024-2218-1-1-001,7,GREEK 1
FAS-203025-2218-1-1-001,22,LATIN 1
FAS-203024-2218-1-1-002,7,GREEK 1
FAS-122177-2218-1-1-001,8,LATIN AX
FAS-203025-2218-1-1-002,13,LATIN 1
FAS-203228-2218-1-1-001,11,LATIN 10
FAS-126735-2218-1-1-001,6,LATIN 105
FAS-218242-2218-1-1-001,12,LATIN 175
FAS-218356-2218-1-1-001,15,COMPLIT 120
FAS-123897-2218-1-1-001,11,COMPLIT 121
FAS-159840-2218-1-1-001,10,MODGRK AA
FAS-212724-2218-1-1-001,15,COMPLIT 156
FAS-218354-2218-1-1-001,35,COMPLIT 175
FAS-212942-2218-1-1-001,27,COMPLIT 212
FAS-125848-2218-1-1-001,8,COMPLIT 252
FAS-214533-2218-1-1-001,10,COMPLIT 260
FAS-108896-2218-1-1-001,6,COMPLIT 298
FAS-128209-2218-1-1-001,10,COMPLIT 274
FAS-111650-2218-1-1-001,9,COMPLIT 299AR
FAS-152514-2218-1-1-001,686,COMPSCI 50
FAS-125407-2218-1-1-001,45,COMPSCI 105
FAS-123623-2218-1-1-001,199,COMPSCI 61
FAS-216324-2218-1-1-001,146,COMPSCI 107
FAS-109899-2218-1-1-001,230,COMPSCI 109A
FAS-119064-2218-1-1-001,134,COMPSCI 121
FAS-218613-2218-1-1-001,89,COMPSCI 120
FAS-109566-2218-1-1-001,41,COMPSCI 127
FAS-128164-2218-1-1-001,129,COMPSCI 136
FAS-131493-2218-1-1-001,65,COMPSCI 153
FAS-119249-2218-1-1-001,24,COMPSCI 165
FAS-124364-2218-1-1-001,65,COMPSCI 171
FAS-117372-2218-1-1-001,85,COMPSCI 187
FAS-110661-2218-1-1-001,71,COMPSCI 182
FAS-213331-2218-1-1-001,41,COMPSCI 227
FAS-160624-2218-1-1-001,60,COMPSCI 242
FAS-160579-2218-1-1-001,36,COMPSCI 263
FAS-114807-2218-1-1-001,12,COMPSCI 252R
FAS-213653-2218-1-1-001,28,COMPSCI 282BR
FAS-156936-2218-1-1-001,13,COMPSCI 282R
FAS-112867-2218-1-1-001,30,COMPSCI 287R
FAS-120238-2218-1-1-001,22,COMPSCI 289
FAS-113944-2218-1-1-001,17,COMPSCI 283
FAS-216811-2218-1-1-001,27,COMPSCI 290A
FAS-203888-2218-1-1-001,33,E-PSCI 10
FAS-128224-2218-1-1-001,25,E-PSCI 50
FAS-126174-2218-1-1-001,8,E-PSCI 53
FAS-126141-2218-1-1-001,14,E-PSCI 134
FAS-111855-2218-1-1-001,10,E-PSCI 200
FAS-216421-2218-1-1-001,31,E-PSCI 168
FAS-122549-2218-1-1-001,14,E-PSCI 208
FAS-120783-2218-1-1-001,9,E-PSCI 236
FAS-218700-2218-1-1-001,12,E-PSCI 275
FAS-113873-2218-1-1-002,9,CHNSE BA
FAS-113873-2218-1-1-003,18,CHNSE BA
FAS-113873-2218-1-1-001,35,CHNSE BA
FAS-113873-2218-1-1-005,18,CHNSE BA
FAS-113873-2218-1-1-004,14,CHNSE BA
FAS-120305-2218-1-1-001,12,CHNSE BX
FAS-120305-2218-1-1-002,14,CHNSE BX
FAS-120305-2218-1-1-003,11,CHNSE BX
FAS-113793-2218-1-1-001,19,CHNSE 120A
FAS-113793-2218-1-1-002,10,CHNSE 120A
FAS-110543-2218-1-1-001,7,CHNSE 106A
FAS-113793-2218-1-1-003,12,CHNSE 120A
FAS-159629-2218-1-1-001,13,CHNSE 130A
FAS-159629-2218-1-1-002,12,CHNSE 130A
FAS-159629-2218-1-1-003,17,CHNSE 130A
FAS-124235-2218-1-1-001,11,CHNSE 130XA
FAS-124235-2218-1-1-002,9,CHNSE 130XA
FAS-111129-2218-1-1-002,9,CHNSE 140A
FAS-207494-2218-1-1-002,10,CHNSE 140XA
FAS-207494-2218-1-1-001,9,CHNSE 140XA
FAS-127774-2218-1-1-01,8,CHNSHIS 229R
FAS-117082-2218-1-1-01,8,CHNSHIS 232R
FAS-125694-2218-1-1-01,10,CHNSHIS 253
FAS-125194-2218-1-1-01,7,CHNSLIT 114
FAS-108229-2218-1-1-01,13,CHNSLIT 140
FAS-123508-2218-1-1-01,9,EAFM 200
FAS-203529-2218-1-1-01,10,CHNSLIT 212
FAS-218171-2218-1-1-01,13,EASTD 194
FAS-111193-2218-1-1-001,27,JAPAN BA
FAS-111193-2218-1-1-003,11,JAPAN BA
FAS-215837-2218-1-1-01,41,EASTD 199
FAS-111193-2218-1-1-002,13,JAPAN BA
FAS-159595-2218-1-1-001,11,JAPAN 120A
FAS-114292-2218-1-1-001,10,JAPAN 130A
FAS-114292-2218-1-1-002,8,JAPAN 130A
FAS-159595-2218-1-1-002,7,JAPAN 120A
FAS-125813-2218-1-1-001,8,JAPAN 210A
FAS-123007-2218-1-1-01,12,JAPNLIT 124
FAS-124296-2218-1-1-002,20,KOREAN BA
FAS-124296-2218-1-1-003,6,KOREAN BA
FAS-124296-2218-1-1-001,19,KOREAN BA
FAS-114383-2218-1-1-001,13,KOREAN BX
FAS-117220-2218-1-1-001,17,KOREAN 120A
FAS-116633-2218-1-1-001,6,KOREAN 140A
FAS-111235-2218-1-1-001,10,KOREAN 130A
FAS-218365-2218-1-1-01,6,KORHIST 141
FAS-205281-2218-1-1-01,8,KORLIT 134
FAS-113326-2218-1-1-001,764,ECON 10A
FAS-116266-2218-1-1-001,12,VIETNAM BA
FAS-218117-2218-1-1-001,68,ECON 70
FAS-122752-2218-1-1-T08,10,ECON 970
FAS-120541-2218-1-1-S01,8,ECON 985A
FAS-112062-2218-1-1-001,96,ECON 1010B
FAS-159994-2218-1-1-001,5,ECON 990B
FAS-108901-2218-1-1-001,356,ECON 1010A
FAS-120711-2218-1-1-001,86,ECON 1011A
FAS-119951-2218-1-1-001,233,ECON 1017
FAS-203555-2218-1-1-001,49,ECON 1057
FAS-218817-2218-1-1-001,171,ECON 1021
FAS-160362-2218-1-1-001,6,ECON 1080
FAS-113637-2218-1-1-001,58,ECON 1126
FAS-117818-2218-1-1-001,32,ECON 1410
FAS-123003-2218-1-1-001,41,ECON 1420
FAS-123033-2218-1-1-001,119,ECON 1123
FAS-211204-2218-1-1-001,48,ECON 1436
FAS-127519-2218-1-1-001,25,ECON 1432
FAS-217408-2218-1-1-001,15,ECON 1499
FAS-111749-2218-1-1-001,9,ECON 1535
FAS-111477-2218-1-1-001,33,ECON 1545
FAS-217793-2218-1-1-001,96,ECON 1644
FAS-111105-2218-1-1-001,26,ECON 1723
FAS-107388-2218-1-1-001,10,ECON 1936
FAS-124134-2218-1-1-001,22,ECON 2010A
FAS-111213-2218-1-1-001,27,ECON 2010C
FAS-112942-2218-1-1-001,41,ECON 2020A
FAS-123849-2218-1-1-001,11,ECON 2040
FAS-120668-2218-1-1-1,25,ECON 2110
FAS-115026-2218-1-1-1,30,ECON 2120
FAS-218280-2218-1-2-001,25,ECON 2248
FAS-207641-2218-1-1-001,15,ECON 2360
FAS-125372-2218-1-1-001,8,ECON 2410A
FAS-110660-2218-1-1-001,28,ECON 2450A
FAS-111998-2218-1-1-001,9,ECON 2723
FAS-113404-2218-1-1-001,20,ECON 2610
FAS-110731-2218-1-1-1,12,ECON 2725
FAS-114301-2218-1-1-001,23,ECON 2810A
FAS-208001-2218-1-1-001,20,ECON 2905
FAS-211332-2218-1-1-001,16,ECON 2906
FAS-210859-2218-1-1-001,21,ECON 2912
FAS-115030-2218-1-1-001,17,ECON 3011
FAS-111404-2218-1-1-001,42,ECON 3012
FAS-218917-2218-1-1-001,8,EDST 104
FAS-122339-2218-1-1-001,41,ENG-SCI 53
FAS-148434-2218-1-1-001,25,ENG-SCI 51
FAS-109272-2218-1-1-001,30,ENG-SCI 95R
FAS-144983-2218-1-1-001,17,ENG-SCI 96
FAS-208045-2218-1-1-001,19,ENG-SCI 91HFR
FAS-156287-2218-1-1-001,34,ENG-SCI 111
FAS-144157-2218-1-1-001,33,ENG-SCI 125
FAS-118939-2218-1-1-001,252,ENG-SCI 139
FAS-207597-2218-1-1-001,22,ENG-SCI 152
FAS-207626-2218-1-1-001,27,ENG-SCI 155
FAS-109358-2218-1-1-001,14,ENG-SCI 157
FAS-131554-2218-1-1-001,29,ENG-SCI 159
FAS-119048-2218-1-1-001,17,ENG-SCI 173
FAS-114808-2218-1-1-001,17,ENG-SCI 222
FAS-118942-2218-1-1-001,252,ENG-SCI 239
FAS-216405-2218-1-1-001,33,ENG-SCI 192
FAS-135598-2218-1-1-001,38,ENG-SCI 181
FAS-148181-2218-1-1-001,14,ENG-SCI 241
FAS-123351-2218-1-1-001,9,ENG-SCI 273
FAS-119057-2218-1-1-001,11,ENG-SCI 250
FAS-134052-2218-1-1-001,29,ENG-SCI 259
FAS-118028-2218-1-1-001,13,ENG-SCI 274
FAS-156219-2218-1-1-001,15,ENG-SCI 291
FAS-207614-2218-1-1-001,16,ENG-SCI 297
FAS-160953-2218-1-1-001,10,ENGLISH CAFR
FAS-216411-2218-1-1-001,10,ENGLISH CACF
FAS-216639-2218-1-1-001,7,ENGLISH CBN
FAS-205147-2218-1-1-001,10,ENGLISH CAJR
FAS-146632-2218-1-1-001,12,ENGLISH CBBR
FAS-218756-2218-1-1-001,12,ENGLISH CCFC
FAS-216347-2218-1-1-001,10,ENGLISH CFF
FAS-156630-2218-1-1-001,11,ENGLISH CIJR
FAS-213327-2218-1-1-001,8,ENGLISH CGF
FAS-205151-2218-1-1-001,12,ENGLISH CIHR
FAS-130000-2218-1-1-001,12,ENGLISH CHCR
FAS-116875-2218-1-1-001,7,ENGLISH CKR
FAS-116874-2218-1-1-001,12,ENGLISH CLR
FAS-218759-2218-1-1-002,12,ENGLISH CMAG
FAS-218759-2218-1-1-001,12,ENGLISH CMAG
FAS-218130-2218-1-1-001,10,ENGLISH CNS
FAS-207633-2218-1-1-001,12,ENGLISH CNSR
FAS-203266-2218-1-1-001,14,ENGLISH CTV
FAS-218124-2218-1-1-001,11,ENGLISH CWP
FAS-218806-2218-1-1-001,9,ENGLISH CSGJ
FAS-132844-2218-1-1-001,91,ENGLISH 10
FAS-146586-2218-1-1-001,10,ENGLISH 90HB
FAS-204047-2218-1-1-001,7,ENGLISH 90CNC
FAS-216063-2218-1-1-001,22,ENGLISH 20
FAS-218159-2218-1-1-001,14,ENGLISH 90HP
FAS-146185-2218-1-1-001,10,ENGLISH 90KB
FAS-218158-2218-1-1-001,22,ENGLISH 119TY
FAS-203067-2218-1-1-001,12,ENGLISH 90LL
FAS-216074-2218-1-1-002,8,ENGLISH 97
FAS-121946-2218-1-1-001,15,ENGLISH 102E
FAS-146676-2218-1-1-001,39,ENGLISH 145A
FAS-218129-2218-1-1-001,26,ENGLISH 176TM
FAS-214513-2218-1-1-001,11,ENGLISH 152KD
FAS-218126-2218-1-1-001,12,ENGLISH 179H
FAS-146590-2218-1-1-001,42,ENGLISH 181A
FAS-218127-2218-1-1-001,29,ENGLISH 184CF
FAS-207555-2218-1-1-001,57,ENGLISH 185E
FAS-204999-2218-1-1-001,13,ENGLISH 197GR
FAS-130910-2218-1-1-001,8,ENGLISH 231
FAS-218136-2218-1-1-001,9,ENGLISH 290EH
FAS-218148-2218-1-1-001,15,ENGLISH 287AG
FAS-156215-2218-1-1-001,27,ESE 137
FAS-216101-2218-1-1-001,13,ENGLISH 297C
FAS-216460-2218-1-1-001,31,ESE 168
FAS-109882-2218-1-1-999,46,ESPP 77
FAS-160452-2218-1-1-001,15,ESE 160
FAS-123858-2218-1-1-001,23,ESPP 90N
FAS-218597-2218-1-1-25,13,ESPP 90K
FAS-208113-2218-1-1-001,14,ESPP 90G
FAS-110943-2218-1-1-001,6,ESPP 91R
FAS-207804-2218-1-1-002,15,EMR 131
FAS-216400-2218-1-1-001,15,EMR 141
FAS-208114-2218-1-1-001,31,EMR 133
FAS-218601-2218-1-1-001,14,EMR 147
FAS-218535-2218-1-1-001,15,EMR 146
FAS-218600-2218-1-1-001,25,EMR 1010
FAS-118262-2218-1-1-103,10,EXPOS 10
FAS-118262-2218-1-1-104,9,EXPOS 10
FAS-118262-2218-1-1-102,10,EXPOS 10
FAS-118262-2218-1-1-105,10,EXPOS 10
FAS-118262-2218-1-1-106,10,EXPOS 10
FAS-118262-2218-1-1-108,9,EXPOS 10
FAS-118262-2218-1-1-111,10,EXPOS 10
FAS-118262-2218-1-1-110,10,EXPOS 10
FAS-118262-2218-1-1-107,10,EXPOS 10
FAS-118262-2218-1-1-112,10,EXPOS 10
FAS-118262-2218-1-1-116,10,EXPOS 10
FAS-118262-2218-1-1-115,9,EXPOS 10
FAS-118262-2218-1-1-118,8,EXPOS 10
FAS-118262-2218-1-1-113,10,EXPOS 10
FAS-118262-2218-1-1-114,8,EXPOS 10
FAS-118262-2218-1-1-119,9,EXPOS 10
FAS-118262-2218-1-1-120,10,EXPOS 10
FAS-118262-2218-1-1-122,9,EXPOS 10
FAS-118262-2218-1-1-124,8,EXPOS 10
FAS-118262-2218-1-1-121,9,EXPOS 10
FAS-118262-2218-1-1-123,9,EXPOS 10
FAS-116353-2218-1-1-201,14,EXPOS 20
FAS-116353-2218-1-1-203,15,EXPOS 20
FAS-116353-2218-1-1-202,15,EXPOS 20
FAS-116353-2218-1-1-205,14,EXPOS 20
FAS-116353-2218-1-1-204,15,EXPOS 20
FAS-116353-2218-1-1-206,15,EXPOS 20
FAS-116353-2218-1-1-208,15,EXPOS 20
FAS-116353-2218-1-1-207,15,EXPOS 20
FAS-116353-2218-1-1-209,14,EXPOS 20
FAS-116353-2218-1-1-211,15,EXPOS 20
FAS-116353-2218-1-1-210,15,EXPOS 20
FAS-116353-2218-1-1-215,15,EXPOS 20
FAS-116353-2218-1-1-216,15,EXPOS 20
FAS-116353-2218-1-1-217,15,EXPOS 20
FAS-116353-2218-1-1-220,15,EXPOS 20
FAS-116353-2218-1-1-221,15,EXPOS 20
FAS-116353-2218-1-1-219,15,EXPOS 20
FAS-116353-2218-1-1-218,15,EXPOS 20
FAS-116353-2218-1-1-222,15,EXPOS 20
FAS-116353-2218-1-1-227,14,EXPOS 20
FAS-116353-2218-1-1-223,13,EXPOS 20
FAS-116353-2218-1-1-226,15,EXPOS 20
FAS-116353-2218-1-1-224,13,EXPOS 20
FAS-116353-2218-1-1-228,12,EXPOS 20
FAS-116353-2218-1-1-236,15,EXPOS 20
FAS-116353-2218-1-1-229,15,EXPOS 20
FAS-116353-2218-1-1-230,15,EXPOS 20
FAS-116353-2218-1-1-231,14,EXPOS 20
FAS-116353-2218-1-1-237,14,EXPOS 20
FAS-116353-2218-1-1-238,15,EXPOS 20
FAS-116353-2218-1-1-240,15,EXPOS 20
FAS-116353-2218-1-1-241,8,EXPOS 20
FAS-116353-2218-1-1-239,15,EXPOS 20
FAS-116353-2218-1-1-242,15,EXPOS 20
FAS-116353-2218-1-1-246,14,EXPOS 20
FAS-116353-2218-1-1-243,13,EXPOS 20
FAS-116353-2218-1-1-244,15,EXPOS 20
FAS-116353-2218-1-1-245,15,EXPOS 20
FAS-116353-2218-1-1-249,15,EXPOS 20
FAS-116353-2218-1-1-252,15,EXPOS 20
FAS-116353-2218-1-1-253,15,EXPOS 20
FAS-116353-2218-1-1-251,15,EXPOS 20
FAS-116353-2218-1-1-254,15,EXPOS 20
FAS-116353-2218-1-1-250,13,EXPOS 20
FAS-116353-2218-1-1-255,15,EXPOS 20
FAS-116353-2218-1-1-258,15,EXPOS 20
FAS-116353-2218-1-1-256,15,EXPOS 20
FAS-116353-2218-1-1-257,14,EXPOS 20
FAS-116353-2218-1-1-259,12,EXPOS 20
FAS-125227-2218-1-1-001,14,EXPOS 40
FAS-125227-2218-1-1-004,13,EXPOS 40
FAS-125227-2218-1-1-006,14,EXPOS 40
FAS-125227-2218-1-1-002,15,EXPOS 40
FAS-125227-2218-1-1-003,14,EXPOS 40
FAS-125227-2218-1-1-007,13,EXPOS 40
FAS-125227-2218-1-1-008,13,EXPOS 40
FAS-125227-2218-1-1-010,12,EXPOS 40
FAS-125227-2218-1-1-009,13,EXPOS 40
FAS-218266-2218-1-1-001,168,FOLKMYTH 111
FAS-218914-2218-1-1-001,31,FOLKMYTH 133
FAS-109916-2218-1-1-001,11,FRSEMR 21I
FAS-112349-2218-1-1-001,11,FRSEMR 21W
FAS-161297-2218-1-1-001,9,FOLKMYTH 176
FAS-123658-2218-1-1-001,12,FRSEMR 22I
FAS-160198-2218-1-1-001,8,FRSEMR 23C
FAS-160219-2218-1-1-001,12,FRSEMR 23I
FAS-127976-2218-1-1-001,15,FRSEMR 24G
FAS-109575-2218-1-1-01,9,FRSEMR 23Y
FAS-122458-2218-1-1-001,11,FRSEMR 25N
FAS-110305-2218-1-1-001,10,FRSEMR 24Q
FAS-107340-2218-1-1-001,15,FRSEMR 26F
FAS-121549-2218-1-1-001,13,FRSEMR 26J
FAS-156450-2218-1-1-001,13,FRSEMR 26K
FAS-108257-2218-1-1-001,12,FRSEMR 25X
FAS-156449-2218-1-1-001,15,FRSEMR 26O
FAS-108261-2218-1-1-001,12,FRSEMR 30G
FAS-108829-2218-1-1-001,17,FRSEMR 27I
FAS-116807-2218-1-1-001,11,FRSEMR 33X
FAS-121901-2218-1-1-001,14,FRSEMR 31J
FAS-126838-2218-1-1-001,12,FRSEMR 35N
FAS-127970-2218-1-1-001,12,FRSEMR 40J
FAS-156502-2218-1-1-001,12,FRSEMR 41K
FAS-109469-2218-1-1-001,12,FRSEMR 40P
FAS-119569-2218-1-1-001,11,FRSEMR 37Y
FAS-124777-2218-1-1-001,16,FRSEMR 41P
FAS-159837-2218-1-1-001,12,FRSEMR 41R
FAS-160203-2218-1-1-001,12,FRSEMR 42H
FAS-160211-2218-1-1-001,12,FRSEMR 43C
FAS-108515-2218-1-1-001,10,FRSEMR 43W
FAS-121907-2218-1-1-001,11,FRSEMR 49N
FAS-207514-2218-1-1-001,11,FRSEMR 51C
FAS-204926-2218-1-1-001,11,FRSEMR 50R
FAS-204929-2218-1-1-001,12,FRSEMR 50S
FAS-205339-2218-1-1-001,14,FRSEMR 50Y
FAS-207776-2218-1-1-01,10,FRSEMR 51M
FAS-216084-2218-1-1-001,10,FRSEMR 51S
FAS-215847-2218-1-1-001,6,FRSEMR 51V
FAS-216102-2218-1-1-001,14,FRSEMR 52C
FAS-212771-2218-1-1-001,10,FRSEMR 51P
FAS-216113-2218-1-1-001,14,FRSEMR 52F
FAS-218480-2218-1-1-001,11,FRSEMR 52L
FAS-218493-2218-1-1-001,9,FRSEMR 52K
FAS-218497-2218-1-1-001,9,FRSEMR 52M
FAS-203005-2218-1-1-001,10,FRSEMR 60H
FAS-205082-2218-1-1-001,12,FRSEMR 61Q
FAS-207807-2218-1-1-001,12,FRSEMR 62J
FAS-207763-2218-1-1-001,12,FRSEMR 62I
FAS-207789-2218-1-1-001,9,FRSEMR 62O
FAS-212697-2218-1-1-001,15,FRSEMR 62U
FAS-212779-2218-1-1-001,12,FRSEMR 63C
FAS-212786-2218-1-1-001,12,FRSEMR 63F
FAS-213252-2218-1-1-001,5,FRSEMR 63J
FAS-215850-2218-1-1-001,12,FRSEMR 63L
FAS-216104-2218-1-1-001,11,FRSEMR 63N
FAS-216119-2218-1-1-001,13,FRSEMR 63O
FAS-216112-2218-1-1-001,10,FRSEMR 63T
FAS-218379-2218-1-1-001,13,FRSEMR 64J
FAS-218482-2218-1-1-001,12,FRSEMR 64K
FAS-218369-2218-1-1-001,14,FRSEMR 64H
FAS-218483-2218-1-1-001,6,FRSEMR 64L
FAS-218485-2218-1-1-001,12,FRSEMR 64M
FAS-218680-2218-1-1-1,11,FRSEMR 64Q
FAS-203013-2218-1-1-001,15,FRSEMR 70J
FAS-203011-2218-1-1-001,15,FRSEMR 70H
FAS-203014-2218-1-1-001,15,FRSEMR 70K
FAS-207507-2218-1-1-001,12,FRSEMR 71G
FAS-212698-2218-1-1-001,11,FRSEMR 71R
FAS-218479-2218-1-1-001,10,FRSEMR 72M
FAS-212785-2218-1-1-001,11,FRSEMR 71Y
FAS-207777-2218-1-1-001,14,FRSEMR 71O
FAS-218503-2218-1-1-001,13,FRSEMR 72O
FAS-218514-2218-1-1-001,15,FRSEMR 72P
FAS-125195-2218-1-1-001,99,GENED 1004
FAS-203045-2218-1-1-001,58,GENED 1002
FAS-212765-2218-1-1-001,211,GENED 1001
FAS-215876-2218-1-1-001,154,GENED 1006
FAS-107464-2218-1-1-001,66,GENED 1011
FAS-118517-2218-1-1-001,14,GENED 1018
FAS-118290-2218-1-1-001,49,GENED 1019
FAS-107669-2218-1-1-001,81,GENED 1033
FAS-204966-2218-1-1-001,211,GENED 1023
FAS-212896-2218-1-1-001,801,GENED 1038
FAS-212840-2218-1-1-001,44,GENED 1034
FAS-218232-2218-1-1-001,37,GENED 1041
FAS-109501-2218-1-1-001,53,GENED 1043
FAS-205088-2218-1-1-001,47,GENED 1044
FAS-215875-2218-1-1-001,59,GENED 1053
FAS-202992-2218-1-1-001,47,GENED 1056
FAS-113501-2218-1-1-001,302,GENED 1074
FAS-212849-2218-1-1-001,39,GENED 1071
FAS-125932-2218-1-1-001,129,GENED 1079
FAS-205412-2218-1-1-001,93,GENED 1080
FAS-121778-2218-1-1-001,265,GENED 1091
FAS-119025-2218-1-1-001,77,GENED 1092
FAS-124127-2218-1-1-001,187,GENED 1093
FAS-125216-2218-1-1-001,93,GENED 1097
FAS-126633-2218-1-1-001,167,GENED 1094
FAS-112430-2218-1-1-001,62,GENED 1098
FAS-126638-2218-1-1-001,113,GENED 1104
FAS-112378-2218-1-1-001,102,GENED 1105
FAS-218236-2218-1-1-001,43,GENED 1111
FAS-108405-2218-1-1-001,138,GENED 1116
FAS-107821-2218-1-1-001,162,GENED 1120
FAS-108482-2218-1-1-001,59,GENED 1130
FAS-142451-2218-1-1-001,52,GENED 1136
FAS-215897-2218-1-1-001,44,GENED 1143
FAS-159550-2218-1-1-001,56,GENED 1145
FAS-126205-2218-1-1-001,74,GENED 1147
FAS-218234-2218-1-1-001,68,GENED 1174
FAS-118775-2218-1-1-001,30,GENED 1166
FAS-218475-2218-1-1-001,78,GENED 1175
FAS-159710-2218-1-1-1,11,GERMAN 102
FAS-111796-2218-1-1-001,7,GERMAN 20B
FAS-112218-2218-1-1-001,36,GENED 1177
FAS-203214-2218-1-1-001,5,GERMAN 143
FAS-117853-2218-1-1-001,208,GOV 20
FAS-216336-2218-1-1-001,21,GHHP 30
FAS-218347-2218-1-1-1,7,GERMAN 189
FAS-111813-2218-1-1-001,52,GOV 30
FAS-217866-2218-1-1-001,17,GOV 93CJ
FAS-213436-2218-1-1-001,8,GOV 94CD
FAS-218269-2218-1-1-001,15,GOV 94BC
FAS-125573-2218-1-1-001,15,GOV 94EK
FAS-218265-2218-1-1-001,13,GOV 94BL
FAS-109731-2218-1-1-001,13,GOV 94GK
FAS-108915-2218-1-1-001,16,GOV 94GO
FAS-218732-2218-1-1-001,11,GOV 94GD
FAS-214573-2218-1-1-001,18,GOV 94HJ
FAS-218598-2218-1-1-001,8,GOV 94NS
FAS-203474-2218-1-1-001,11,GOV 94NW
FAS-109733-2218-1-1-001,13,GOV 94PY
FAS-128009-2218-1-1-001,9,GOV 94OF
FAS-218734-2218-1-1-001,9,GOV 94RC
FAS-205265-2218-1-1-001,13,GOV 94RG
FAS-218270-2218-1-1-001,11,GOV 94SN
FAS-119479-2218-1-1-001,23,GOV 1010
FAS-122850-2218-1-1-001,25,GOV 1008
FAS-218528-2218-1-1-001,13,GOV 94WY
FAS-204038-2218-1-1-001,11,GOV 1033
FAS-207780-2218-1-1-001,15,GOV 1021
FAS-127064-2218-1-1-001,11,GOV 1115
FAS-156108-2218-1-1-001,30,GOV 1074
FAS-114754-2218-1-1-001,54,GOV 1060
FAS-121735-2218-1-1-001,17,GOV 1190
FAS-109554-2218-1-1-001,17,GOV 1292
FAS-111162-2218-1-1-001,17,GOV 1243
FAS-218259-2218-1-1-001,35,GOV 1316
FAS-126926-2218-1-1-001,90,GOV 1372
FAS-207711-2218-1-1-001,33,GOV 1433
FAS-119407-2218-1-1-001,20,GOV 1730
FAS-128024-2218-1-1-001,103,GOV 1510
FAS-147213-2218-1-1-001,5,GOV 1735
FAS-118526-2218-1-1-001,28,GOV 1740
FAS-207984-2218-1-1-001,14,GOV 1783
FAS-111906-2218-1-1-001,24,GOV 1780
FAS-156115-2218-1-1-001,144,GOV 1790
FAS-113210-2218-1-1-001,9,GOV 1796
FAS-124780-2218-1-1-001,31,GOV 2001
FAS-111556-2218-1-1-001,38,GOV 1982
FAS-156438-2218-1-1-001,9,GOV 2213
FAS-143033-2218-1-1-001,13,GOV 2024
FAS-110953-2218-1-1-001,11,GOV 2005
FAS-160566-2218-1-1-001,27,GOV 2003
FAS-111410-2218-1-1-001,8,GOV 2305
FAS-108967-2218-1-1-001,14,GOV 2525
FAS-128283-2218-1-1-001,10,GOV 2340A
FAS-148283-2218-1-1-001,6,GOV 2761
FAS-143023-2218-1-1-001,17,GOV 3002
FAS-207863-2218-1-1-001,27,HLTHPOL 3040
FAS-107770-2218-1-1-001,13,GOV 3005A
FAS-113988-2218-1-1-001,12,HLTHPOL 2000A
FAS-218336-2218-1-1-01,17,HIST 12W
FAS-207010-2218-1-1-01,15,HIST 13T
FAS-216000-2218-1-1-01,8,HIST 12F
FAS-218188-2218-1-1-01,15,HIST 12T
FAS-116853-2218-1-1-001,31,HIST 99A
FAS-156667-2218-1-1-01,15,HIST 60O
FAS-124213-2218-1-1-01,23,HIST 1026
FAS-218149-2218-1-1-01,17,HIST 1017
FAS-123124-2218-1-1-01,46,HIST 1028
FAS-116237-2218-1-1-01,14,HIST 1036
FAS-213257-2218-1-1-01,14,HIST 1125
FAS-212671-2218-1-1-01,28,HIST 1056
FAS-109409-2218-1-1-01,7,HIST 1206
FAS-107973-2218-1-1-01,50,HIST 1155
FAS-119533-2218-1-1-01,28,HIST 1300
FAS-120921-2218-1-1-01,7,HIST 1390
FAS-218544-2218-1-1-01,28,HIST 1208
FAS-218602-2218-1-1-01,28,HIST 1220
FAS-110285-2218-1-1-01,35,HIST 1265
FAS-109423-2218-1-1-01,11,HIST 1412
FAS-127948-2218-1-1-01,16,HIST 1405
FAS-109436-2218-1-1-01,20,HIST 1520
FAS-108530-2218-1-1-01,30,HIST 1511
FAS-124404-2218-1-1-01,13,HIST 1700
FAS-148158-2218-1-1-01,20,HIST 1878B
FAS-205076-2218-1-1-01,31,HIST 1908
FAS-203018-2218-1-1-01,28,HIST 1776
FAS-156564-2218-1-1-01,7,HIST 1993
FAS-206979-2218-1-1-01,17,HIST 2006
FAS-128056-2218-1-1-01,13,HIST 2331
FAS-122085-2218-1-1-01,10,HIST 2271
FAS-109605-2218-1-1-01,7,HIST 2277
FAS-218907-2218-1-1-01,10,HIST 2636
FAS-125097-2218-1-1-001,18,HIST 3920A
FAS-159554-2218-1-1-01,8,HIST 2707
FAS-110673-2218-1-1-001,11,HIST 3900
FAS-108091-2218-1-1-001,11,HIST-LIT 90AT
FAS-212821-2218-1-1-001,15,HIST-LIT 90DR
FAS-216237-2218-1-1-001,10,HIST-LIT 90EO
FAS-216233-2218-1-1-001,15,HIST-LIT 90EK
FAS-216231-2218-1-1-001,8,HIST-LIT 90EI
FAS-216232-2218-1-1-001,14,HIST-LIT 90EJ
FAS-216239-2218-1-1-001,11,HIST-LIT 90EQ
FAS-216326-2218-1-1-001,17,HIST-LIT 90ES
FAS-218272-2218-1-1-001,11,HIST-LIT 90EV
FAS-218273-2218-1-1-001,10,HIST-LIT 90EW
FAS-218271-2218-1-1-001,14,HIST-LIT 90EU
FAS-218274-2218-1-1-001,8,HIST-LIT 90EX
FAS-218276-2218-1-1-001,10,HIST-LIT 90EZ
FAS-218275-2218-1-1-001,7,HIST-LIT 90EY
FAS-118347-2218-1-1-001,28,HAA 18K
FAS-218311-2218-1-1-001,15,HIST-LIT 90FB
FAS-215760-2218-1-1-001,16,HAA 45M
FAS-126539-2218-1-1-001,15,HAA 97R
FAS-218044-2218-1-1-001,14,HAA 81
FAS-218047-2218-1-1-001,30,HAA 63
FAS-207690-2218-1-1-001,6,HAA 92R
FAS-110650-2218-1-1-001,12,HAA 98AR
FAS-127465-2218-1-1-001,11,HAA 171M
FAS-114575-2218-1-1-001,14,HAA 197
FAS-218152-2218-1-1-001,30,HAA 177M
FAS-218043-2218-1-1-001,14,HAA 155M
FAS-212948-2218-1-1-001,7,HAA 267K
FAS-218045-2218-1-1-001,12,HAA 278P
FAS-109660-2218-1-1-001,48,HISTSCI 98
FAS-218042-2218-1-1-001,7,HAA 290P
FAS-218048-2218-1-1-001,12,HAA 285P
FAS-118977-2218-1-1-001,29,HISTSCI 99A
FAS-118977-2218-1-1-002,7,HISTSCI 99A
FAS-123398-2218-1-1-001,92,HISTSCI 100
FAS-123396-2218-1-1-001,30,HISTSCI 1334
FAS-212935-2218-1-1-001,15,HISTSCI 1441
FAS-218843-2218-1-1-001,20,HISTSCI 1460
FAS-218842-2218-1-1-001,13,HISTSCI 1471
FAS-218686-2218-1-1-001,16,HISTSCI 1480
FAS-160496-2218-1-1-001,26,HISTSCI 1770
FAS-218690-2218-1-1-001,17,HISTSCI 1780
FAS-218691-2218-1-1-001,33,HISTSCI 1932
FAS-218687-2218-1-1-001,13,HISTSCI 2110
FAS-203602-2218-1-1-001,11,HISTSCI 3003A
FAS-218688-2218-1-1-001,10,HISTSCI 2812
FAS-122718-2218-1-1-001,12,HISTSCI 2985
FAS-159565-2218-1-1-001,28,HEB 1290
FAS-122595-2218-1-1-001,7,HEB 99A
FAS-113837-2218-1-1-001,16,HEB 1330
FAS-110603-2218-1-1-001,35,HEB 1380
FAS-217870-2218-1-1-001,15,HEB 1334
FAS-213580-2218-1-1-001,15,HEB 1381
FAS-218850-2218-1-1-001,13,HEB 1404
FAS-204010-2218-1-1-001,16,HEB 1410
FAS-218715-2218-1-1-001,6,HEB 1406
FAS-208048-2218-1-1-001,60,HEB 1392
FAS-156174-2218-1-1-001,9,HEB 1480
FAS-110440-2218-1-1-001,87,HUMAN 10A
FAS-122550-2218-1-1-001,68,HUMAN 20
FAS-203507-2218-1-1-002,15,LING 73A
FAS-216637-2218-1-1-002,13,HUMAN 90
FAS-203507-2218-1-1-001,16,LING 73A
FAS-113749-2218-1-1-001,7,LING 98A
FAS-205111-2218-1-1-001,6,LING 73C
FAS-110785-2218-1-1-001,55,LING 101
FAS-125790-2218-1-1-001,13,LING 104
FAS-111954-2218-1-1-001,59,LING 105
FAS-123850-2218-1-1-001,23,LING 108
FAS-123439-2218-1-1-001,6,LING 115
FAS-138303-2218-1-1-001,8,LING 241A
FAS-115947-2218-1-1-001,13,LING 171
FAS-204095-2218-1-1-001,20,MATH ESPA
FAS-111010-2218-1-1-001,265,MATH 1B
FAS-218229-2218-1-1-001,36,MATH QA
FAS-123680-2218-1-1-001,251,MATH 1A
FAS-111161-2218-1-1-001,238,MATH MA
FAS-125396-2218-1-1-001,55,MATH 18A
FAS-110596-2218-1-1-001,29,MATH 19A
FAS-119196-2218-1-1-001,270,MATH 21A
FAS-110989-2218-1-1-001,122,MATH 21B
FAS-207485-2218-1-1-001,211,MATH 22A
FAS-110808-2218-1-1-001,29,MATH 25A
FAS-113627-2218-1-1-001,47,MATH 55A
FAS-216307-2218-1-1-001,14,MATH 60R
FAS-122943-2218-1-1-001,29,MATH 101
FAS-117647-2218-1-1-001,11,MATH 99R
FAS-109817-2218-1-1-001,29,MATH 112
FAS-123227-2218-1-1-001,42,MATH 114
FAS-122603-2218-1-1-001,34,MATH 122
FAS-118302-2218-1-1-001,19,MATH 116
FAS-111533-2218-1-1-001,34,MATH 124
FAS-111458-2218-1-1-001,38,MATH 131
FAS-111133-2218-1-1-001,23,MATH 136
FAS-113369-2218-1-1-001,15,MATH 230A
FAS-123238-2218-1-1-001,14,MATH 222
FAS-123243-2218-1-1-001,16,MATH 231A
FAS-119502-2218-1-1-001,31,MATH 242
FAS-123441-2218-1-1-001,14,MATH 232A
FAS-218250-2218-1-1-001,51,MATH 286Y
FAS-218243-2218-1-1-001,35,MATH 251Y
FAS-127207-2218-1-1-001,16,BBS 301
FAS-218245-2218-1-1-001,25,MATH 288Y
FAS-156089-2218-1-1-001,47,BBS 330
FAS-116477-2218-1-1-001,72,BCMP 200
FAS-122596-2218-1-1-001,16,BCMP 218
FAS-114740-2218-1-1-001,17,BCMP 230
FAS-208016-2218-1-1-001,16,BMIF 201
FAS-107400-2218-1-1-001,13,CELLBIO 306QC
FAS-107400-2218-1-1-PM,8,CELLBIO 306QC
FAS-113752-2218-1-1-001,67,GENETIC 201
FAS-148547-2218-1-1-001,30,IMMUN 201
FAS-109394-2218-1-1-001,14,HBTM 235
FAS-130614-2218-F2-1-001,15,IMMUN 307QC
FAS-127507-2218-1-1-001,168,MED-SCI 300QC
FAS-109073-2218-1-1-001,115,MED-SCI 302QC
FAS-161280-2218-F2-1-001,13,MED-SCI 316QC
FAS-126269-2218-1-1-001,8,MICROBI 202
FAS-205295-2218-1-1-001,26,NEUROBIO 215A
FAS-216813-2218-1-1-001,15,NEUROBIO 212
FAS-205051-2218-1-1-001,12,NEUROBIO 308QC
FAS-108213-2218-1-1-001,6,SHBT 201
FAS-116413-2218-1-1-001,9,VIROLOGY 200
FAS-117649-2218-1-1-001,9,VIROLOGY 202
FAS-205890-2218-1-1-001,9,MEDVLSTD 111
FAS-128215-2218-1-1-1,12,MBB 980F
FAS-205158-2218-1-1-1,15,MBB 980P
FAS-109230-2218-1-1-001,6,MEDVLSTD 250
FAS-207090-2218-1-1-1,17,MBB 980R
FAS-121189-2218-1-1-001,363,LIFESCI 1A
FAS-159706-2218-1-1-001,39,LIFESCI 50A
FAS-119061-2218-1-1-001,20,LIFESCI 100
FAS-110424-2218-1-1-001,108,MCB 60
FAS-110450-2218-1-1-001,41,MCB 63
FAS-117711-2218-1-1-001,230,MCB 80
FAS-122530-2218-1-1-001,27,MCB 99A
FAS-122529-2218-1-1-001,16,MCB 91
FAS-117342-2218-1-1-001,19,MCB 111
FAS-203081-2218-1-1-001,89,MCB 112
FAS-124900-2218-1-1-001,11,MCB 292
FAS-218679-2218-1-1-001,32,MCB 175
FAS-111720-2218-1-1-001,86,MCB 169
FAS-156950-2218-F2-1-001,10,MCB 350
FAS-111353-2218-1-1-001,12,MUSIC 4
FAS-110114-2218-1-1-001,31,MUSIC 14A
FAS-110112-2218-1-1-001,50,MUSIC 10A
FAS-110115-2218-1-1-001,34,MUSIC 15A
FAS-125212-2218-1-1-001,16,MUSIC 51A
FAS-110128-2218-1-1-001,40,MUSIC 16A
FAS-000018-2218-1-1-001,15,MUSIC 18A
FAS-204967-2218-1-1-001,24,MUSIC 97L
FAS-138072-2218-1-1-001,13,MUSIC 142R
FAS-127668-2218-1-1-001,20,MUSIC 123R
FAS-118185-2218-1-1-001,10,MUSIC 167
FAS-218277-2218-1-1-001,9,MUSIC 159R
FAS-114188-2218-1-1-001,7,MUSIC 150
FAS-108982-2218-1-1-001,35,MUSIC 175R
FAS-111399-2218-1-1-001,9,MUSIC 180R
FAS-153042-2218-1-1-001,37,MUSIC 189R
FAS-124044-2218-1-1-SEM,7,MUSIC 221R
FAS-111123-2218-1-1-001,6,MUSIC 264R
FAS-116746-2218-1-1-001,17,ARABIC AA
FAS-116746-2218-1-1-002,10,ARABIC AA
FAS-218677-2218-1-1-001,9,MUSIC 286R
FAS-118849-2218-1-1-001,19,ANE 120A
FAS-116746-2218-1-1-004,11,ARABIC AA
FAS-116746-2218-1-1-003,6,ARABIC AA
FAS-109425-2218-1-1-001,10,ARABIC BA
FAS-121346-2218-1-1-001,14,ARABIC 131A
FAS-109425-2218-1-1-002,6,ARABIC BA
FAS-112869-2218-1-1-001,10,ARABIC 241AR
FAS-121346-2218-1-1-002,10,ARABIC 131A
FAS-121928-2218-1-1-001,34,ISLAMCIV 145A
FAS-161217-2218-1-2-001,16,ISLAMCIV 184
FAS-108971-2218-1-1-001,8,ARABIC 242AR
FAS-110947-2218-1-1-001,6,MOD-HEB 120A
FAS-114218-2218-1-1-001,9,MOD-HEB BA
FAS-107349-2218-1-1-001,21,MODMDEST 100
FAS-119630-2218-1-1-001,5,MOD-HEB 130A
FAS-117327-2218-1-1-001,17,MODMDEST 200A
FAS-123051-2218-1-1-001,9,PERSIAN AA
FAS-119874-2218-1-1-001,5,YIDDISH BA
FAS-113576-2218-1-1-001,6,TURKISH 120A
FAS-207476-2218-1-1-001,230,NEURO 80
FAS-212830-2218-1-1-001,15,NEURO 145
FAS-205105-2218-1-1-001,27,NEURO 120
FAS-212832-2218-1-1-001,19,NEURO 1202
FAS-123674-2218-1-1-001,161,LIFESCI 2
FAS-144594-2218-1-1-001,68,OEB 10
FAS-142224-2218-1-1-001,21,OEB 53
FAS-130236-2218-1-1-001,17,OEB 50
FAS-218751-2218-1-1-001,37,OEB 65
FAS-145857-2218-1-1-001,17,OEB 145
FAS-131261-2218-1-1-001,9,OEB 212R
FAS-142688-2218-1-1-001,13,OEB 155R
FAS-145414-2218-1-1-001,8,OEB 230
FAS-148242-2218-1-1-001,10,OEB 399
FAS-133181-2218-1-1-001,29,PHIL 6
FAS-108031-2218-1-1-001,25,PHIL 19
FAS-132738-2218-1-1-001,64,PHIL 14
FAS-156186-2218-1-1-001,17,PHIL 11
FAS-218341-2218-1-1-001,29,PHIL 27
FAS-109600-2218-1-1-001,88,PHIL 34
FAS-218342-2218-1-1-001,22,PHIL 40
FAS-121759-2218-1-1-001,11,PHIL 103
FAS-156021-2218-1-1-001,13,PHIL 117
FAS-113573-2218-1-1-001,15,PHIL 137
FAS-000138-2218-1-1-001,34,PHIL 138
FAS-117823-2218-1-1-001,41,PHIL 129
FAS-112463-2218-1-1-001,11,PHIL 175
FAS-218324-2218-1-1-001,20,PHIL 159A
FAS-116996-2218-1-1-001,13,PHIL 177I
FAS-111785-2218-1-1-001,28,PHIL 187
FAS-218280-2218-1-1-001,25,PHIL 248
FAS-122575-2218-1-1-001,187,PHYSCI 2
FAS-111164-2218-1-1-001,76,PHYSICS 15A
FAS-109457-2218-1-1-001,71,PHYSCI 12B
FAS-111896-2218-1-1-001,35,PHYSICS 15B
FAS-124154-2218-1-1-001,50,PHYSICS 15C
FAS-111197-2218-1-1-001,22,PHYSICS 16
FAS-121885-2218-1-1-001,6,PHYSICS 141
FAS-111967-2218-1-1-001,7,PHYSICS 95
FAS-207005-2218-1-1-001,41,PHYSICS 19
FAS-121993-2218-1-1-001,10,PHYSICS 191
FAS-108465-2218-1-1-001,25,PHYSICS 143A
FAS-111231-2218-1-1-001,22,PHYSICS 151
FAS-111731-2218-1-1-001,16,PHYSICS 143B
FAS-111314-2218-1-1-001,15,PHYSICS 251A
FAS-112107-2218-1-1-001,27,PHYSICS 195A
FAS-218167-2218-1-1-001,16,PHYSICS 223A
FAS-122930-2218-1-1-001,27,PHYSICS 253A
FAS-122818-2218-1-1-001,13,PHYSICS 268AR
FAS-110526-2218-1-1-001,57,PHYSICS 262
FAS-203329-2218-1-1-001,42,PHS 2000A
FAS-118509-2218-1-1-001,51,PHYSICS 285B
FAS-126551-2218-1-1-001,33,PSY 14
FAS-114178-2218-1-1-001,104,PSY 15
FAS-123941-2218-1-1-001,382,PSY 1
FAS-203208-2218-1-1-001,19,PSY 1202
FAS-126556-2218-1-1-001,114,PSY 1005
FAS-216078-2218-1-1-001,18,PSY 1015
FAS-116622-2218-1-1-001,23,PSY 1304
FAS-122224-2218-1-1-001,84,PSY 1201
FAS-216446-2218-1-1-001,13,PSY 1521
FAS-207573-2218-1-1-001,28,PSY 1309
FAS-218502-2218-1-1-001,37,PSY 1523
FAS-216386-2218-1-1-001,14,PSY 1525
FAS-216126-2218-1-1-001,14,PSY 1340
FAS-218508-2218-1-1-001,12,PSY 1708
FAS-125979-2218-1-1-001,10,PSY 1654
FAS-218489-2218-1-1-001,15,PSY 1533
FAS-216447-2218-1-1-001,9,PSY 1531
FAS-123305-2218-1-1-001,15,PSY 1750
FAS-218511-2218-1-1-001,10,PSY 1811
FAS-218525-2218-1-1-001,14,PSY 1816
FAS-118254-2218-1-1-001,129,PSY 1900
FAS-127078-2218-1-1-001,49,PSY 1901
FAS-116095-2218-1-1-001,62,PSY 1861
FAS-121738-2218-1-1-001,17,PSY 1950
FAS-118790-2218-1-1-001,8,PSY 2010
FAS-117820-2218-1-1-001,11,PSY 2400
FAS-207497-2218-1-1-001,10,PSY 2301
FAS-119124-2218-1-1-001,9,PSY 2461R
FAS-160667-2218-1-1-001,25,PSY 2030
FAS-120559-2218-1-1-001,14,PSY 2553R
FAS-115582-2218-1-1-001,12,PSY 3340
FAS-113780-2218-1-1-001,5,PSY 2580R
FAS-156623-2218-1-1-001,8,PSY 2560R
FAS-114362-2218-1-1-001,8,PSY 2660R
FAS-208031-2218-1-1-1,23,RSEA 350
FAS-107859-2218-1-1-01,11,RELIGION 40
FAS-125125-2218-1-1-01,8,RELIGION 55
FAS-216807-2218-1-1-01,10,RELIGION 1049
FAS-156249-2218-1-1-01,5,RELIGION 1512
FAS-161217-2218-1-1-01,16,RELIGION 1814
FAS-217619-2218-1-1-001,9,FRENCH 62
FAS-122916-2218-1-1-001,10,RELIGION 2002
FAS-126942-2218-1-1-002,12,FRENCH 30
FAS-217619-2218-1-1-002,6,FRENCH 62
FAS-112005-2218-1-1-001,6,FRENCH 70A
FAS-109826-2218-1-1-001,10,FRENCH 80
FAS-207932-2218-1-1-001,10,FRENCH 88
FAS-126038-2218-1-1-001,14,FRENCH 180
FAS-113814-2218-1-1-001,11,ITAL 10
FAS-113814-2218-1-1-004,7,ITAL 10
FAS-113814-2218-1-1-002,9,ITAL 10
FAS-207950-2218-1-1-001,21,ITAL 138
FAS-113814-2218-1-1-003,10,ITAL 10
FAS-124524-2218-1-1-001,9,PORTUG 40
FAS-114200-2218-1-1-001,10,SPANSH 30
FAS-205260-2218-1-2-001,12,ROM-STD 201
FAS-125058-2218-1-1-002,16,SPANSH 11
FAS-125058-2218-1-1-003,16,SPANSH 11
FAS-115920-2218-1-1-002,7,SPANSH 50
FAS-109820-2218-1-1-001,16,SPANSH 49H
FAS-127573-2218-1-1-003,11,SPANSH 61N
FAS-115919-2218-1-1-001,10,SPANSH 59
FAS-127573-2218-1-1-001,13,SPANSH 61N
FAS-109772-2218-1-1-001,14,SPANSH 89
FAS-110578-2218-1-1-001,7,SPANSH 70B
FAS-141012-2218-1-1-001,20,SPANSH 122
FAS-218536-2218-1-1-001,16,SPANSH 147
FAS-217638-2218-1-1-001,9,SPANSH 129R
FAS-108816-2218-1-1-001,7,RSRA 298A
FAS-108818-2218-1-1-001,10,RSRA 299A
FAS-110074-2218-1-1-001,7,BCS BA
FAS-122907-2218-1-1-002,6,RUSS AA
FAS-109342-2218-1-1-001,5,PLSH CR
FAS-112823-2218-1-1-001,11,RUSS BA
FAS-120717-2218-1-1-001,11,RUSS 101
FAS-218659-2218-1-1-001,10,RUSS HA
FAS-110859-2218-1-1-001,8,RUSS 111
FAS-127533-2218-1-1-001,10,RUSS 113
FAS-218532-2218-1-1-001,16,SLAVIC 118
FAS-215995-2218-1-1-001,27,SLAVIC 121
FAS-218574-2218-1-1-001,14,SLAVIC 144
FAS-205015-2218-1-1-001,13,SLAVIC 189
FAS-115470-2218-1-1-001,103,SOC-STD 10A
FAS-218541-2218-1-1-001,9,SLAVIC 262
FAS-213383-2218-1-1-001,9,SOC-STD 60
FAS-218231-2218-1-1-001,35,SOC-STD 96AP
FAS-218582-2218-1-1-001,12,SOC-STD 68RJ
FAS-116329-2218-1-1-001,10,SOC-STD 98AX
FAS-115179-2218-1-1-001,7,SOC-STD 98DX
FAS-127817-2218-1-1-001,9,SOC-STD 98NB
FAS-125982-2218-1-1-001,10,SOC-STD 98LF
FAS-156263-2218-1-1-001,10,SOC-STD 98PV
FAS-213296-2218-1-1-001,7,SOC-STD 98SM
FAS-216073-2218-1-1-001,9,SOC-STD 98TD
FAS-218304-2218-1-1-001,9,SOC-STD 98UB
FAS-115130-2218-1-1-001,42,SOCIOL 97
FAS-205091-2218-1-1-001,11,SOCIOL 98DA
FAS-215924-2218-1-1-001,11,SOCIOL 98AC
FAS-212727-2218-1-1-001,43,SOCIOL 1046
FAS-117946-2218-1-1-001,11,SOCIOL 99A
FAS-203333-2218-1-1-001,16,SOCIOL 1104
FAS-141657-2218-1-1-001,18,SOCIOL 1112
FAS-203368-2218-1-1-001,26,SOCIOL 1131
FAS-212659-2218-1-1-001,34,SOCIOL 1152
FAS-218204-2218-1-1-001,13,SOCIOL 1159
FAS-218200-2218-1-1-001,22,SOCIOL 1136
FAS-218199-2218-1-1-001,12,SOCIOL 1163
FAS-218201-2218-1-1-001,30,SOCIOL 1166
FAS-218202-2218-1-1-001,18,SOCIOL 1173
FAS-109680-2218-1-1-001,20,SOCIOL 1181
FAS-218203-2218-1-1-001,12,SOCIOL 1177
FAS-203272-2218-1-1-001,32,SOCIOL 1186
FAS-119985-2218-1-1-001,8,SOCIOL 2202
FAS-218279-2218-1-1-SEM,12,SOCIOL 2282
FAS-111781-2218-1-1-001,13,SOCIOL 3305
FAS-108137-2218-1-1-001,13,SOCIOL 3310
FAS-218268-2218-1-1-SEM,7,SOCIOL 2278
FAS-112874-2218-1-1-001,10,SOCIOL 2203
FAS-113639-2218-1-1-001,17,HIND-URD 101A
FAS-117877-2218-1-1-001,11,SOCIOL 2204
FAS-114270-2218-1-1-001,6,SANSKRIT 102AR
FAS-112079-2218-1-1-001,16,HIND-URD 102A
FAS-123045-2218-1-1-001,10,SANSKRIT 101A
FAS-113324-2218-1-1-001,9,SANSKRIT 200AR
FAS-127491-2218-1-1-001,5,TAM 101A
FAS-114027-2218-1-1-001,112,STAT 104
FAS-159964-2218-1-1-001,28,STAT 99R
FAS-110766-2218-1-1-001,646,STAT 110
FAS-156425-2218-1-1-001,32,STAT 120
FAS-160736-2218-1-1-001,13,STAT 151
FAS-203101-2218-1-1-001,230,STAT 121A
FAS-110751-2218-1-1-001,76,STAT 139
FAS-111696-2218-1-1-001,60,STAT 210
FAS-127856-2218-1-1-001,18,STAT 244
FAS-218350-2218-1-1-001,15,STAT 216
FAS-111130-2218-1-1-001,43,STAT 211
FAS-110392-2218-1-1-001,13,STAT 300HFRA
FAS-125800-2218-1-1-001,43,SCRB 10
FAS-125804-2218-1-1-001,20,SCRB 91R
FAS-212688-2218-1-1-001,11,SCRB 111
FAS-128041-2218-1-1-001,30,SCRB 175
FAS-213478-2218-1-1-001,50,STAT 185
FAS-125185-2218-1-1-01,11,SCRB 190
FAS-204006-2218-1-1-001,20,SCRB 195
FAS-204358-2218-1-1-01,32,SCRB 197
FAS-218466-2218-1-1-01,32,SCRB 297
FAS-216826-2218-1-1-001,11,SYSBIO 232
FAS-207571-2218-1-1-001,12,TDM 109
FAS-218290-2218-1-1-001,37,LPCE 101
FAS-160647-2218-1-1-001,7,TDM 98
FAS-117461-2218-1-1-001,12,TDM 111
FAS-118497-2218-1-1-001,14,TDM 119
FAS-160654-2218-1-1-001,14,TDM 120
FAS-215995-2218-1-2-001,27,TDM 121K
FAS-123080-2218-1-1-001,8,TDM 130R
FAS-207819-2218-1-1-001,8,TDM 164H
FAS-217446-2218-1-1-001,23,TDM 149
FAS-215988-2218-1-1-001,14,TDM 169S
FAS-156461-2218-1-1-001,12,TDM 173X
FAS-217585-2218-1-1-001,21,TDM 182B
FAS-120677-2218-1-1-001,16,WOMGEN 97
FAS-217409-2218-1-1-001,11,TDM 181B
FAS-108619-2218-1-1-001,16,WOMGEN 1127
FAS-208114-2218-1-2-0001,31,WOMGEN 1204
FAS-142819-2218-1-1-01,11,WOMGEN 1210FT
FAS-126957-2218-1-1-001,17,WOMGEN 1421
FAS-205489-2218-1-1-001,14,WOMGEN 1217
FAS-207804-2218-1-2-001,15,WOMGEN 1283
