index,fas_code,enrollment
0,FAS-110293-2218-1-1-LEC,25
1,FAS-123591-2218-1-1-001,12
2,FAS-156935-2218-1-1-LEC,20
3,FAS-218543-2218-1-1-LEC,14
4,FAS-126308-2218-1-1-001,17
5,FAS-123435-2218-1-1-01,31
6,FAS-119819-2218-1-1-001,9
7,FAS-218312-2218-1-1-LEC,30
8,FAS-109427-2218-1-1-001,10
9,FAS-120953-2218-1-1-001,5
10,FAS-120952-2218-1-1-001,14
11,FAS-204110-2218-1-1-001,14
12,FAS-205184-2218-1-1-001,10
13,FAS-126316-2218-1-1-001,14
14,FAS-205494-2218-1-1-001,24
15,FAS-218808-2218-1-1-001,8
16,FAS-121141-2218-1-1-001,13
17,FAS-109568-2218-1-1-001,14
18,FAS-218180-2218-1-1-001,9
19,FAS-127050-2218-1-1-001,18
20,FAS-119379-2218-1-1-001,26
21,FAS-215111-2218-1-1-001,18
22,FAS-218707-2218-1-1-001,6
23,FAS-218758-2218-1-1-001,7
24,FAS-213467-2218-1-1-001,6
25,FAS-216164-2218-1-1-001,19
26,FAS-108968-2218-1-1-001,6
27,FAS-212905-2218-1-1-001,7
28,FAS-218183-2218-1-1-001,7
29,FAS-211109-2218-1-1-001,9
30,FAS-218184-2218-1-1-001,16
31,FAS-126265-2218-1-1-001,15
32,FAS-109898-2218-1-1-001,230
33,FAS-128105-2218-1-1-001,146
34,FAS-215121-2218-1-1-001,69
35,FAS-218882-2218-1-1-001,30
36,FAS-156202-2218-1-1-001,22
37,FAS-109339-2218-1-1-001,20
38,FAS-213407-2218-1-1-001,81
39,FAS-211334-2218-1-1-001,27
40,FAS-132127-2218-1-1-001,51
41,FAS-122094-2218-1-1-001,51
42,FAS-120198-2218-1-1-001,34
43,FAS-156203-2218-1-1-001,19
44,FAS-112798-2218-1-1-001,38
45,FAS-123662-2218-1-1-001,68
46,FAS-127561-2218-1-1-001,43
47,FAS-110684-2218-1-1-001,82
48,FAS-212912-2218-1-1-001,22
49,FAS-108880-2218-1-1-001,53
50,FAS-127561-2218-1-1-002,43
51,FAS-108880-2218-1-1-002,58
52,FAS-131331-2218-1-1-001,27
53,FAS-131392-2218-1-1-001,57
54,FAS-124723-2218-1-1-001,20
55,FAS-142998-2218-1-1-001,7
56,FAS-121403-2218-1-1-001,11
57,FAS-203312-2218-1-1-1,14
58,FAS-218299-2218-1-1-001,9
59,FAS-121758-2218-1-1-001,12
60,FAS-111189-2218-1-1-1,10
61,FAS-203314-2218-1-1-1,14
62,FAS-122184-2218-1-1-1,10
63,FAS-110676-2218-1-1-001,10
64,FAS-114351-2218-1-1-001,8
65,FAS-218678-2218-1-1-1,10
66,FAS-126181-2218-1-1-001,10
67,FAS-216299-2218-1-1-001,12
68,FAS-122679-2218-1-1-001,20
69,FAS-216297-2218-1-1-001,13
70,FAS-218300-2218-1-1-001,11
71,FAS-205346-2218-1-1-1,9
72,FAS-213475-2218-1-1-1,19
73,FAS-114116-2218-1-1-001,9
74,FAS-217449-2218-1-1-1,7
75,FAS-218297-2218-1-1-001,8
76,FAS-115390-2218-1-1-001,7
77,FAS-117143-2218-1-1-001,12
78,FAS-218580-2218-1-1-1,7
79,FAS-110045-2218-1-1-1,12
80,FAS-216346-2218-1-1-001,11
81,FAS-156172-2218-1-1-1,16
82,FAS-218731-2218-1-1-1,14
83,FAS-119636-2218-1-1-001,10
84,FAS-213421-2218-1-1-001,9
85,FAS-205183-2218-1-1-001,8
86,FAS-111305-2218-1-1-L01,21
87,FAS-113797-2218-1-1-001,42
88,FAS-125884-2218-1-1-001,35
89,FAS-124966-2218-1-1-001,8
90,FAS-218228-2218-1-1-001,9
91,FAS-118139-2218-1-1-L01,17
92,FAS-108130-2218-1-1-001,13
93,FAS-150189-2218-1-1-001,35
94,FAS-113276-2218-1-1-001,25
95,FAS-110521-2218-1-1-001,11
96,FAS-119067-2218-1-1-001,17
97,FAS-218831-2218-1-1-001,12
98,FAS-119848-2218-1-1-001,13
99,FAS-119846-2218-1-1-001,15
100,FAS-119844-2218-1-1-001,11
101,FAS-207727-2218-1-1-001,17
102,FAS-119850-2218-1-1-001,11
103,FAS-115137-2218-1-1-001,191
104,FAS-123266-2218-1-1-001,8
105,FAS-122592-2218-1-1-001,7
106,FAS-118925-2218-1-1-001,34
107,FAS-123022-2218-1-1-001,6
108,FAS-124554-2218-1-1-001,39
109,FAS-110241-2218-1-1-01,41
110,FAS-109110-2218-1-1-001,6
111,FAS-112976-2218-1-1-001,39
112,FAS-156395-2218-1-1-001,19
113,FAS-116159-2218-1-1-1,10
114,FAS-122175-2218-1-1-1,23
115,FAS-107709-2218-1-1-1,13
116,FAS-216524-2218-1-1-001,21
117,FAS-123833-2218-1-1-001,181
118,FAS-124905-2218-1-1-001,32
119,FAS-107367-2218-1-1-001,18
120,FAS-113591-2218-1-1-001,7
121,FAS-218326-2218-1-1-001,16
122,FAS-116729-2218-1-1-001,17
123,FAS-218328-2218-1-1-001,9
124,FAS-203024-2218-1-1-001,7
125,FAS-203025-2218-1-1-001,22
126,FAS-203024-2218-1-1-002,7
127,FAS-122177-2218-1-1-001,8
128,FAS-203025-2218-1-1-002,13
129,FAS-203228-2218-1-1-001,11
130,FAS-126735-2218-1-1-001,6
131,FAS-218242-2218-1-1-001,12
132,FAS-218356-2218-1-1-001,15
133,FAS-123897-2218-1-1-001,11
134,FAS-159840-2218-1-1-001,10
135,FAS-212724-2218-1-1-001,15
136,FAS-218354-2218-1-1-001,35
137,FAS-212942-2218-1-1-001,27
138,FAS-125848-2218-1-1-001,8
139,FAS-214533-2218-1-1-001,10
140,FAS-108896-2218-1-1-001,6
141,FAS-128209-2218-1-1-001,10
142,FAS-111650-2218-1-1-001,9
143,FAS-152514-2218-1-1-001,686
144,FAS-125407-2218-1-1-001,45
145,FAS-123623-2218-1-1-001,199
146,FAS-216324-2218-1-1-001,146
147,FAS-109899-2218-1-1-001,230
148,FAS-119064-2218-1-1-001,134
149,FAS-218613-2218-1-1-001,89
150,FAS-109566-2218-1-1-001,41
151,FAS-128164-2218-1-1-001,129
152,FAS-131493-2218-1-1-001,65
153,FAS-119249-2218-1-1-001,24
154,FAS-124364-2218-1-1-001,65
155,FAS-117372-2218-1-1-001,85
156,FAS-110661-2218-1-1-001,71
157,FAS-213331-2218-1-1-001,41
158,FAS-160624-2218-1-1-001,60
159,FAS-160579-2218-1-1-001,36
160,FAS-114807-2218-1-1-001,12
161,FAS-213653-2218-1-1-001,28
162,FAS-156936-2218-1-1-001,13
163,FAS-112867-2218-1-1-001,30
164,FAS-120238-2218-1-1-001,22
165,FAS-113944-2218-1-1-001,17
166,FAS-216811-2218-1-1-001,27
167,FAS-203888-2218-1-1-001,33
168,FAS-128224-2218-1-1-001,25
169,FAS-126174-2218-1-1-001,8
170,FAS-126141-2218-1-1-001,14
171,FAS-111855-2218-1-1-001,10
172,FAS-216421-2218-1-1-001,31
173,FAS-122549-2218-1-1-001,14
174,FAS-120783-2218-1-1-001,9
175,FAS-218700-2218-1-1-001,12
176,FAS-113873-2218-1-1-002,9
177,FAS-113873-2218-1-1-003,18
178,FAS-113873-2218-1-1-001,35
179,FAS-113873-2218-1-1-005,18
180,FAS-113873-2218-1-1-004,14
181,FAS-120305-2218-1-1-001,12
182,FAS-120305-2218-1-1-002,14
183,FAS-120305-2218-1-1-003,11
184,FAS-113793-2218-1-1-001,19
185,FAS-113793-2218-1-1-002,10
186,FAS-110543-2218-1-1-001,7
187,FAS-113793-2218-1-1-003,12
188,FAS-159629-2218-1-1-001,13
189,FAS-159629-2218-1-1-002,12
190,FAS-159629-2218-1-1-003,17
191,FAS-124235-2218-1-1-001,11
192,FAS-124235-2218-1-1-002,9
193,FAS-111129-2218-1-1-002,9
194,FAS-207494-2218-1-1-002,10
195,FAS-207494-2218-1-1-001,9
196,FAS-127774-2218-1-1-01,8
197,FAS-117082-2218-1-1-01,8
198,FAS-125694-2218-1-1-01,10
199,FAS-125194-2218-1-1-01,7
200,FAS-108229-2218-1-1-01,13
201,FAS-123508-2218-1-1-01,9
202,FAS-203529-2218-1-1-01,10
203,FAS-218171-2218-1-1-01,13
204,FAS-111193-2218-1-1-001,27
205,FAS-111193-2218-1-1-003,11
206,FAS-215837-2218-1-1-01,41
207,FAS-111193-2218-1-1-002,13
208,FAS-159595-2218-1-1-001,11
209,FAS-114292-2218-1-1-001,10
210,FAS-114292-2218-1-1-002,8
211,FAS-159595-2218-1-1-002,7
212,FAS-125813-2218-1-1-001,8
213,FAS-123007-2218-1-1-01,12
214,FAS-124296-2218-1-1-002,20
215,FAS-124296-2218-1-1-003,6
216,FAS-124296-2218-1-1-001,19
217,FAS-114383-2218-1-1-001,13
218,FAS-117220-2218-1-1-001,17
219,FAS-116633-2218-1-1-001,6
220,FAS-111235-2218-1-1-001,10
221,FAS-218365-2218-1-1-01,6
222,FAS-205281-2218-1-1-01,8
223,FAS-113326-2218-1-1-001,764
224,FAS-116266-2218-1-1-001,12
225,FAS-218117-2218-1-1-001,68
226,FAS-122752-2218-1-1-T08,10
227,FAS-120541-2218-1-1-S01,8
228,FAS-112062-2218-1-1-001,96
229,FAS-159994-2218-1-1-001,5
230,FAS-108901-2218-1-1-001,356
231,FAS-120711-2218-1-1-001,86
232,FAS-119951-2218-1-1-001,233
233,FAS-203555-2218-1-1-001,49
234,FAS-218817-2218-1-1-001,171
235,FAS-160362-2218-1-1-001,6
236,FAS-113637-2218-1-1-001,58
237,FAS-117818-2218-1-1-001,32
238,FAS-123003-2218-1-1-001,41
239,FAS-123033-2218-1-1-001,119
240,FAS-211204-2218-1-1-001,48
241,FAS-127519-2218-1-1-001,25
242,FAS-217408-2218-1-1-001,15
243,FAS-111749-2218-1-1-001,9
244,FAS-111477-2218-1-1-001,33
245,FAS-217793-2218-1-1-001,96
246,FAS-111105-2218-1-1-001,26
247,FAS-107388-2218-1-1-001,10
248,FAS-124134-2218-1-1-001,22
249,FAS-111213-2218-1-1-001,27
250,FAS-112942-2218-1-1-001,41
251,FAS-123849-2218-1-1-001,11
252,FAS-120668-2218-1-1-1,25
253,FAS-115026-2218-1-1-1,30
254,FAS-218280-2218-1-2-001,25
255,FAS-207641-2218-1-1-001,15
256,FAS-125372-2218-1-1-001,8
257,FAS-110660-2218-1-1-001,28
258,FAS-111998-2218-1-1-001,9
259,FAS-113404-2218-1-1-001,20
260,FAS-110731-2218-1-1-1,12
261,FAS-114301-2218-1-1-001,23
262,FAS-208001-2218-1-1-001,20
263,FAS-211332-2218-1-1-001,16
264,FAS-210859-2218-1-1-001,21
265,FAS-115030-2218-1-1-001,17
266,FAS-111404-2218-1-1-001,42
267,FAS-218917-2218-1-1-001,8
268,FAS-122339-2218-1-1-001,41
269,FAS-148434-2218-1-1-001,25
270,FAS-109272-2218-1-1-001,30
271,FAS-144983-2218-1-1-001,17
272,FAS-208045-2218-1-1-001,19
273,FAS-156287-2218-1-1-001,34
274,FAS-144157-2218-1-1-001,33
275,FAS-118939-2218-1-1-001,252
276,FAS-207597-2218-1-1-001,22
277,FAS-207626-2218-1-1-001,27
278,FAS-109358-2218-1-1-001,14
279,FAS-131554-2218-1-1-001,29
280,FAS-119048-2218-1-1-001,17
281,FAS-114808-2218-1-1-001,17
282,FAS-118942-2218-1-1-001,252
283,FAS-216405-2218-1-1-001,33
284,FAS-135598-2218-1-1-001,38
285,FAS-148181-2218-1-1-001,14
286,FAS-123351-2218-1-1-001,9
287,FAS-119057-2218-1-1-001,11
288,FAS-134052-2218-1-1-001,29
289,FAS-118028-2218-1-1-001,13
290,FAS-156219-2218-1-1-001,15
291,FAS-207614-2218-1-1-001,16
292,FAS-160953-2218-1-1-001,10
293,FAS-216411-2218-1-1-001,10
294,FAS-216639-2218-1-1-001,7
295,FAS-205147-2218-1-1-001,10
296,FAS-146632-2218-1-1-001,12
297,FAS-218756-2218-1-1-001,12
298,FAS-216347-2218-1-1-001,10
299,FAS-156630-2218-1-1-001,11
300,FAS-213327-2218-1-1-001,8
301,FAS-205151-2218-1-1-001,12
302,FAS-130000-2218-1-1-001,12
303,FAS-116875-2218-1-1-001,7
304,FAS-116874-2218-1-1-001,12
305,FAS-218759-2218-1-1-002,12
306,FAS-218759-2218-1-1-001,12
307,FAS-218130-2218-1-1-001,10
308,FAS-207633-2218-1-1-001,12
309,FAS-203266-2218-1-1-001,14
310,FAS-218124-2218-1-1-001,11
311,FAS-218806-2218-1-1-001,9
312,FAS-132844-2218-1-1-001,91
313,FAS-146586-2218-1-1-001,10
314,FAS-204047-2218-1-1-001,7
315,FAS-216063-2218-1-1-001,22
316,FAS-218159-2218-1-1-001,14
317,FAS-146185-2218-1-1-001,10
318,FAS-218158-2218-1-1-001,22
319,FAS-203067-2218-1-1-001,12
320,FAS-216074-2218-1-1-002,8
321,FAS-121946-2218-1-1-001,15
322,FAS-146676-2218-1-1-001,39
323,FAS-218129-2218-1-1-001,26
324,FAS-214513-2218-1-1-001,11
325,FAS-218126-2218-1-1-001,12
326,FAS-146590-2218-1-1-001,42
327,FAS-218127-2218-1-1-001,29
328,FAS-207555-2218-1-1-001,57
329,FAS-204999-2218-1-1-001,13
330,FAS-130910-2218-1-1-001,8
331,FAS-218136-2218-1-1-001,9
332,FAS-218148-2218-1-1-001,15
333,FAS-156215-2218-1-1-001,27
334,FAS-216101-2218-1-1-001,13
335,FAS-216460-2218-1-1-001,31
336,FAS-109882-2218-1-1-999,46
337,FAS-160452-2218-1-1-001,15
338,FAS-123858-2218-1-1-001,23
339,FAS-218597-2218-1-1-25,13
340,FAS-208113-2218-1-1-001,14
341,FAS-110943-2218-1-1-001,6
342,FAS-207804-2218-1-1-002,15
343,FAS-216400-2218-1-1-001,15
344,FAS-208114-2218-1-1-001,31
345,FAS-218601-2218-1-1-001,14
346,FAS-218535-2218-1-1-001,15
347,FAS-218600-2218-1-1-001,25
348,FAS-118262-2218-1-1-103,10
349,FAS-118262-2218-1-1-104,9
350,FAS-118262-2218-1-1-102,10
351,FAS-118262-2218-1-1-105,10
352,FAS-118262-2218-1-1-106,10
353,FAS-118262-2218-1-1-108,9
354,FAS-118262-2218-1-1-111,10
355,FAS-118262-2218-1-1-110,10
356,FAS-118262-2218-1-1-107,10
357,FAS-118262-2218-1-1-112,10
358,FAS-118262-2218-1-1-116,10
359,FAS-118262-2218-1-1-115,9
360,FAS-118262-2218-1-1-118,8
361,FAS-118262-2218-1-1-113,10
362,FAS-118262-2218-1-1-114,8
363,FAS-118262-2218-1-1-119,9
364,FAS-118262-2218-1-1-120,10
365,FAS-118262-2218-1-1-122,9
366,FAS-118262-2218-1-1-124,8
367,FAS-118262-2218-1-1-121,9
368,FAS-118262-2218-1-1-123,9
369,FAS-116353-2218-1-1-201,14
370,FAS-116353-2218-1-1-203,15
371,FAS-116353-2218-1-1-202,15
372,FAS-116353-2218-1-1-205,14
373,FAS-116353-2218-1-1-204,15
374,FAS-116353-2218-1-1-206,15
375,FAS-116353-2218-1-1-208,15
376,FAS-116353-2218-1-1-207,15
377,FAS-116353-2218-1-1-209,14
378,FAS-116353-2218-1-1-211,15
379,FAS-116353-2218-1-1-210,15
380,FAS-116353-2218-1-1-215,15
381,FAS-116353-2218-1-1-216,15
382,FAS-116353-2218-1-1-217,15
383,FAS-116353-2218-1-1-220,15
384,FAS-116353-2218-1-1-221,15
385,FAS-116353-2218-1-1-219,15
386,FAS-116353-2218-1-1-218,15
387,FAS-116353-2218-1-1-222,15
388,FAS-116353-2218-1-1-227,14
389,FAS-116353-2218-1-1-223,13
390,FAS-116353-2218-1-1-226,15
391,FAS-116353-2218-1-1-224,13
392,FAS-116353-2218-1-1-228,12
393,FAS-116353-2218-1-1-236,15
394,FAS-116353-2218-1-1-229,15
395,FAS-116353-2218-1-1-230,15
396,FAS-116353-2218-1-1-231,14
397,FAS-116353-2218-1-1-237,14
398,FAS-116353-2218-1-1-238,15
399,FAS-116353-2218-1-1-240,15
400,FAS-116353-2218-1-1-241,8
401,FAS-116353-2218-1-1-239,15
402,FAS-116353-2218-1-1-242,15
403,FAS-116353-2218-1-1-246,14
404,FAS-116353-2218-1-1-243,13
405,FAS-116353-2218-1-1-244,15
406,FAS-116353-2218-1-1-245,15
407,FAS-116353-2218-1-1-249,15
408,FAS-116353-2218-1-1-252,15
409,FAS-116353-2218-1-1-253,15
410,FAS-116353-2218-1-1-251,15
411,FAS-116353-2218-1-1-254,15
412,FAS-116353-2218-1-1-250,13
413,FAS-116353-2218-1-1-255,15
414,FAS-116353-2218-1-1-258,15
415,FAS-116353-2218-1-1-256,15
416,FAS-116353-2218-1-1-257,14
417,FAS-116353-2218-1-1-259,12
418,FAS-125227-2218-1-1-001,14
419,FAS-125227-2218-1-1-004,13
420,FAS-125227-2218-1-1-006,14
421,FAS-125227-2218-1-1-002,15
422,FAS-125227-2218-1-1-003,14
423,FAS-125227-2218-1-1-007,13
424,FAS-125227-2218-1-1-008,13
425,FAS-125227-2218-1-1-010,12
426,FAS-125227-2218-1-1-009,13
427,FAS-218266-2218-1-1-001,168
428,FAS-218914-2218-1-1-001,31
429,FAS-109916-2218-1-1-001,11
430,FAS-112349-2218-1-1-001,11
431,FAS-161297-2218-1-1-001,9
432,FAS-123658-2218-1-1-001,12
433,FAS-160198-2218-1-1-001,8
434,FAS-160219-2218-1-1-001,12
435,FAS-127976-2218-1-1-001,15
436,FAS-109575-2218-1-1-01,9
437,FAS-122458-2218-1-1-001,11
438,FAS-110305-2218-1-1-001,10
439,FAS-107340-2218-1-1-001,15
440,FAS-121549-2218-1-1-001,13
441,FAS-156450-2218-1-1-001,13
442,FAS-108257-2218-1-1-001,12
443,FAS-156449-2218-1-1-001,15
444,FAS-108261-2218-1-1-001,12
445,FAS-108829-2218-1-1-001,17
446,FAS-116807-2218-1-1-001,11
447,FAS-121901-2218-1-1-001,14
448,FAS-126838-2218-1-1-001,12
449,FAS-127970-2218-1-1-001,12
450,FAS-156502-2218-1-1-001,12
451,FAS-109469-2218-1-1-001,12
452,FAS-119569-2218-1-1-001,11
453,FAS-124777-2218-1-1-001,16
454,FAS-159837-2218-1-1-001,12
455,FAS-160203-2218-1-1-001,12
456,FAS-160211-2218-1-1-001,12
457,FAS-108515-2218-1-1-001,10
458,FAS-121907-2218-1-1-001,11
459,FAS-207514-2218-1-1-001,11
460,FAS-204926-2218-1-1-001,11
461,FAS-204929-2218-1-1-001,12
462,FAS-205339-2218-1-1-001,14
463,FAS-207776-2218-1-1-01,10
464,FAS-216084-2218-1-1-001,10
465,FAS-215847-2218-1-1-001,6
466,FAS-216102-2218-1-1-001,14
467,FAS-212771-2218-1-1-001,10
468,FAS-216113-2218-1-1-001,14
469,FAS-218480-2218-1-1-001,11
470,FAS-218493-2218-1-1-001,9
471,FAS-218497-2218-1-1-001,9
472,FAS-203005-2218-1-1-001,10
473,FAS-205082-2218-1-1-001,12
474,FAS-207807-2218-1-1-001,12
475,FAS-207763-2218-1-1-001,12
476,FAS-207789-2218-1-1-001,9
477,FAS-212697-2218-1-1-001,15
478,FAS-212779-2218-1-1-001,12
479,FAS-212786-2218-1-1-001,12
480,FAS-213252-2218-1-1-001,5
481,FAS-215850-2218-1-1-001,12
482,FAS-216104-2218-1-1-001,11
483,FAS-216119-2218-1-1-001,13
484,FAS-216112-2218-1-1-001,10
485,FAS-218379-2218-1-1-001,13
486,FAS-218482-2218-1-1-001,12
487,FAS-218369-2218-1-1-001,14
488,FAS-218483-2218-1-1-001,6
489,FAS-218485-2218-1-1-001,12
490,FAS-218680-2218-1-1-1,11
491,FAS-203013-2218-1-1-001,15
492,FAS-203011-2218-1-1-001,15
493,FAS-203014-2218-1-1-001,15
494,FAS-207507-2218-1-1-001,12
495,FAS-212698-2218-1-1-001,11
496,FAS-218479-2218-1-1-001,10
497,FAS-212785-2218-1-1-001,11
498,FAS-207777-2218-1-1-001,14
499,FAS-218503-2218-1-1-001,13
500,FAS-218514-2218-1-1-001,15
501,FAS-125195-2218-1-1-001,99
502,FAS-203045-2218-1-1-001,58
503,FAS-212765-2218-1-1-001,211
504,FAS-215876-2218-1-1-001,154
505,FAS-107464-2218-1-1-001,66
506,FAS-118517-2218-1-1-001,14
507,FAS-118290-2218-1-1-001,49
508,FAS-107669-2218-1-1-001,81
509,FAS-204966-2218-1-1-001,211
510,FAS-212896-2218-1-1-001,801
511,FAS-212840-2218-1-1-001,44
512,FAS-218232-2218-1-1-001,37
513,FAS-109501-2218-1-1-001,53
514,FAS-205088-2218-1-1-001,47
515,FAS-215875-2218-1-1-001,59
516,FAS-202992-2218-1-1-001,47
517,FAS-113501-2218-1-1-001,302
518,FAS-212849-2218-1-1-001,39
519,FAS-125932-2218-1-1-001,129
520,FAS-205412-2218-1-1-001,93
521,FAS-121778-2218-1-1-001,265
522,FAS-119025-2218-1-1-001,77
523,FAS-124127-2218-1-1-001,187
524,FAS-125216-2218-1-1-001,93
525,FAS-126633-2218-1-1-001,167
526,FAS-112430-2218-1-1-001,62
527,FAS-126638-2218-1-1-001,113
528,FAS-112378-2218-1-1-001,102
529,FAS-218236-2218-1-1-001,43
530,FAS-108405-2218-1-1-001,138
531,FAS-107821-2218-1-1-001,162
532,FAS-108482-2218-1-1-001,59
533,FAS-142451-2218-1-1-001,52
534,FAS-215897-2218-1-1-001,44
535,FAS-159550-2218-1-1-001,56
536,FAS-126205-2218-1-1-001,74
537,FAS-218234-2218-1-1-001,68
538,FAS-118775-2218-1-1-001,30
539,FAS-218475-2218-1-1-001,78
540,FAS-159710-2218-1-1-1,11
541,FAS-111796-2218-1-1-001,7
542,FAS-112218-2218-1-1-001,36
543,FAS-203214-2218-1-1-001,5
544,FAS-117853-2218-1-1-001,208
545,FAS-216336-2218-1-1-001,21
546,FAS-218347-2218-1-1-1,7
547,FAS-111813-2218-1-1-001,52
548,FAS-217866-2218-1-1-001,17
549,FAS-213436-2218-1-1-001,8
550,FAS-218269-2218-1-1-001,15
551,FAS-125573-2218-1-1-001,15
552,FAS-218265-2218-1-1-001,13
553,FAS-109731-2218-1-1-001,13
554,FAS-108915-2218-1-1-001,16
555,FAS-218732-2218-1-1-001,11
556,FAS-214573-2218-1-1-001,18
557,FAS-218598-2218-1-1-001,8
558,FAS-203474-2218-1-1-001,11
559,FAS-109733-2218-1-1-001,13
560,FAS-128009-2218-1-1-001,9
561,FAS-218734-2218-1-1-001,9
562,FAS-205265-2218-1-1-001,13
563,FAS-218270-2218-1-1-001,11
564,FAS-119479-2218-1-1-001,23
565,FAS-122850-2218-1-1-001,25
566,FAS-218528-2218-1-1-001,13
567,FAS-204038-2218-1-1-001,11
568,FAS-207780-2218-1-1-001,15
569,FAS-127064-2218-1-1-001,11
570,FAS-156108-2218-1-1-001,30
571,FAS-114754-2218-1-1-001,54
572,FAS-121735-2218-1-1-001,17
573,FAS-109554-2218-1-1-001,17
574,FAS-111162-2218-1-1-001,17
575,FAS-218259-2218-1-1-001,35
576,FAS-126926-2218-1-1-001,90
577,FAS-207711-2218-1-1-001,33
578,FAS-119407-2218-1-1-001,20
579,FAS-128024-2218-1-1-001,103
580,FAS-147213-2218-1-1-001,5
581,FAS-118526-2218-1-1-001,28
582,FAS-207984-2218-1-1-001,14
583,FAS-111906-2218-1-1-001,24
584,FAS-156115-2218-1-1-001,144
585,FAS-113210-2218-1-1-001,9
586,FAS-124780-2218-1-1-001,31
587,FAS-111556-2218-1-1-001,38
588,FAS-156438-2218-1-1-001,9
589,FAS-143033-2218-1-1-001,13
590,FAS-110953-2218-1-1-001,11
591,FAS-160566-2218-1-1-001,27
592,FAS-111410-2218-1-1-001,8
593,FAS-108967-2218-1-1-001,14
594,FAS-128283-2218-1-1-001,10
595,FAS-148283-2218-1-1-001,6
596,FAS-143023-2218-1-1-001,17
597,FAS-207863-2218-1-1-001,27
598,FAS-107770-2218-1-1-001,13
599,FAS-113988-2218-1-1-001,12
600,FAS-218336-2218-1-1-01,17
601,FAS-207010-2218-1-1-01,15
602,FAS-216000-2218-1-1-01,8
603,FAS-218188-2218-1-1-01,15
604,FAS-116853-2218-1-1-001,31
605,FAS-156667-2218-1-1-01,15
606,FAS-124213-2218-1-1-01,23
607,FAS-218149-2218-1-1-01,17
608,FAS-123124-2218-1-1-01,46
609,FAS-116237-2218-1-1-01,14
610,FAS-213257-2218-1-1-01,14
611,FAS-212671-2218-1-1-01,28
612,FAS-109409-2218-1-1-01,7
613,FAS-107973-2218-1-1-01,50
614,FAS-119533-2218-1-1-01,28
615,FAS-120921-2218-1-1-01,7
616,FAS-218544-2218-1-1-01,28
617,FAS-218602-2218-1-1-01,28
618,FAS-110285-2218-1-1-01,35
619,FAS-109423-2218-1-1-01,11
620,FAS-127948-2218-1-1-01,16
621,FAS-109436-2218-1-1-01,20
622,FAS-108530-2218-1-1-01,30
623,FAS-124404-2218-1-1-01,13
624,FAS-148158-2218-1-1-01,20
625,FAS-205076-2218-1-1-01,31
626,FAS-203018-2218-1-1-01,28
627,FAS-156564-2218-1-1-01,7
628,FAS-206979-2218-1-1-01,17
629,FAS-128056-2218-1-1-01,13
630,FAS-122085-2218-1-1-01,10
631,FAS-109605-2218-1-1-01,7
632,FAS-218907-2218-1-1-01,10
633,FAS-125097-2218-1-1-001,18
634,FAS-159554-2218-1-1-01,8
635,FAS-110673-2218-1-1-001,11
636,FAS-108091-2218-1-1-001,11
637,FAS-212821-2218-1-1-001,15
638,FAS-216237-2218-1-1-001,10
639,FAS-216233-2218-1-1-001,15
640,FAS-216231-2218-1-1-001,8
641,FAS-216232-2218-1-1-001,14
642,FAS-216239-2218-1-1-001,11
643,FAS-216326-2218-1-1-001,17
644,FAS-218272-2218-1-1-001,11
645,FAS-218273-2218-1-1-001,10
646,FAS-218271-2218-1-1-001,14
647,FAS-218274-2218-1-1-001,8
648,FAS-218276-2218-1-1-001,10
649,FAS-218275-2218-1-1-001,7
650,FAS-118347-2218-1-1-001,28
651,FAS-218311-2218-1-1-001,15
652,FAS-215760-2218-1-1-001,16
653,FAS-126539-2218-1-1-001,15
654,FAS-218044-2218-1-1-001,14
655,FAS-218047-2218-1-1-001,30
656,FAS-207690-2218-1-1-001,6
657,FAS-110650-2218-1-1-001,12
658,FAS-127465-2218-1-1-001,11
659,FAS-114575-2218-1-1-001,14
660,FAS-218152-2218-1-1-001,30
661,FAS-218043-2218-1-1-001,14
662,FAS-212948-2218-1-1-001,7
663,FAS-218045-2218-1-1-001,12
664,FAS-109660-2218-1-1-001,48
665,FAS-218042-2218-1-1-001,7
666,FAS-218048-2218-1-1-001,12
667,FAS-118977-2218-1-1-001,29
668,FAS-118977-2218-1-1-002,7
669,FAS-123398-2218-1-1-001,92
670,FAS-123396-2218-1-1-001,30
671,FAS-212935-2218-1-1-001,15
672,FAS-218843-2218-1-1-001,20
673,FAS-218842-2218-1-1-001,13
674,FAS-218686-2218-1-1-001,16
675,FAS-160496-2218-1-1-001,26
676,FAS-218690-2218-1-1-001,17
677,FAS-218691-2218-1-1-001,33
678,FAS-218687-2218-1-1-001,13
679,FAS-203602-2218-1-1-001,11
680,FAS-218688-2218-1-1-001,10
681,FAS-122718-2218-1-1-001,12
682,FAS-159565-2218-1-1-001,28
683,FAS-122595-2218-1-1-001,7
684,FAS-113837-2218-1-1-001,16
685,FAS-110603-2218-1-1-001,35
686,FAS-217870-2218-1-1-001,15
687,FAS-213580-2218-1-1-001,15
688,FAS-218850-2218-1-1-001,13
689,FAS-204010-2218-1-1-001,16
690,FAS-218715-2218-1-1-001,6
691,FAS-208048-2218-1-1-001,60
692,FAS-156174-2218-1-1-001,9
693,FAS-110440-2218-1-1-001,87
694,FAS-122550-2218-1-1-001,68
695,FAS-203507-2218-1-1-002,15
696,FAS-216637-2218-1-1-002,13
697,FAS-203507-2218-1-1-001,16
698,FAS-113749-2218-1-1-001,7
699,FAS-205111-2218-1-1-001,6
700,FAS-110785-2218-1-1-001,55
701,FAS-125790-2218-1-1-001,13
702,FAS-111954-2218-1-1-001,59
703,FAS-123850-2218-1-1-001,23
704,FAS-123439-2218-1-1-001,6
705,FAS-138303-2218-1-1-001,8
706,FAS-115947-2218-1-1-001,13
707,FAS-204095-2218-1-1-001,20
708,FAS-111010-2218-1-1-001,265
709,FAS-218229-2218-1-1-001,36
710,FAS-123680-2218-1-1-001,251
711,FAS-111161-2218-1-1-001,238
712,FAS-125396-2218-1-1-001,55
713,FAS-110596-2218-1-1-001,29
714,FAS-119196-2218-1-1-001,270
715,FAS-110989-2218-1-1-001,122
716,FAS-207485-2218-1-1-001,211
717,FAS-110808-2218-1-1-001,29
718,FAS-113627-2218-1-1-001,47
719,FAS-216307-2218-1-1-001,14
720,FAS-122943-2218-1-1-001,29
721,FAS-117647-2218-1-1-001,11
722,FAS-109817-2218-1-1-001,29
723,FAS-123227-2218-1-1-001,42
724,FAS-122603-2218-1-1-001,34
725,FAS-118302-2218-1-1-001,19
726,FAS-111533-2218-1-1-001,34
727,FAS-111458-2218-1-1-001,38
728,FAS-111133-2218-1-1-001,23
729,FAS-113369-2218-1-1-001,15
730,FAS-123238-2218-1-1-001,14
731,FAS-123243-2218-1-1-001,16
732,FAS-119502-2218-1-1-001,31
733,FAS-123441-2218-1-1-001,14
734,FAS-218250-2218-1-1-001,51
735,FAS-218243-2218-1-1-001,35
736,FAS-127207-2218-1-1-001,16
737,FAS-218245-2218-1-1-001,25
738,FAS-156089-2218-1-1-001,47
739,FAS-116477-2218-1-1-001,72
740,FAS-122596-2218-1-1-001,16
741,FAS-114740-2218-1-1-001,17
742,FAS-208016-2218-1-1-001,16
743,FAS-107400-2218-1-1-001,13
744,FAS-107400-2218-1-1-PM,8
745,FAS-113752-2218-1-1-001,67
746,FAS-148547-2218-1-1-001,30
747,FAS-109394-2218-1-1-001,14
748,FAS-130614-2218-F2-1-001,15
749,FAS-127507-2218-1-1-001,168
750,FAS-109073-2218-1-1-001,115
751,FAS-161280-2218-F2-1-001,13
752,FAS-126269-2218-1-1-001,8
753,FAS-205295-2218-1-1-001,26
754,FAS-216813-2218-1-1-001,15
755,FAS-205051-2218-1-1-001,12
756,FAS-108213-2218-1-1-001,6
757,FAS-116413-2218-1-1-001,9
758,FAS-117649-2218-1-1-001,9
759,FAS-205890-2218-1-1-001,9
760,FAS-128215-2218-1-1-1,12
761,FAS-205158-2218-1-1-1,15
762,FAS-109230-2218-1-1-001,6
763,FAS-207090-2218-1-1-1,17
764,FAS-121189-2218-1-1-001,363
765,FAS-159706-2218-1-1-001,39
766,FAS-119061-2218-1-1-001,20
767,FAS-110424-2218-1-1-001,108
768,FAS-110450-2218-1-1-001,41
769,FAS-117711-2218-1-1-001,230
770,FAS-122530-2218-1-1-001,27
771,FAS-122529-2218-1-1-001,16
772,FAS-117342-2218-1-1-001,19
773,FAS-203081-2218-1-1-001,89
774,FAS-124900-2218-1-1-001,11
775,FAS-218679-2218-1-1-001,32
776,FAS-111720-2218-1-1-001,86
777,FAS-156950-2218-F2-1-001,10
778,FAS-111353-2218-1-1-001,12
779,FAS-110114-2218-1-1-001,31
780,FAS-110112-2218-1-1-001,50
781,FAS-110115-2218-1-1-001,34
782,FAS-125212-2218-1-1-001,16
783,FAS-110128-2218-1-1-001,40
784,FAS-000018-2218-1-1-001,15
785,FAS-204967-2218-1-1-001,24
786,FAS-138072-2218-1-1-001,13
787,FAS-127668-2218-1-1-001,20
788,FAS-118185-2218-1-1-001,10
789,FAS-218277-2218-1-1-001,9
790,FAS-114188-2218-1-1-001,7
791,FAS-108982-2218-1-1-001,35
792,FAS-111399-2218-1-1-001,9
793,FAS-153042-2218-1-1-001,37
794,FAS-124044-2218-1-1-SEM,7
795,FAS-111123-2218-1-1-001,6
796,FAS-116746-2218-1-1-001,17
797,FAS-116746-2218-1-1-002,10
798,FAS-218677-2218-1-1-001,9
799,FAS-118849-2218-1-1-001,19
800,FAS-116746-2218-1-1-004,11
801,FAS-116746-2218-1-1-003,6
802,FAS-109425-2218-1-1-001,10
803,FAS-121346-2218-1-1-001,14
804,FAS-109425-2218-1-1-002,6
805,FAS-112869-2218-1-1-001,10
806,FAS-121346-2218-1-1-002,10
807,FAS-121928-2218-1-1-001,34
808,FAS-161217-2218-1-2-001,16
809,FAS-108971-2218-1-1-001,8
810,FAS-110947-2218-1-1-001,6
811,FAS-114218-2218-1-1-001,9
812,FAS-107349-2218-1-1-001,21
813,FAS-119630-2218-1-1-001,5
814,FAS-117327-2218-1-1-001,17
815,FAS-123051-2218-1-1-001,9
816,FAS-119874-2218-1-1-001,5
817,FAS-113576-2218-1-1-001,6
818,FAS-207476-2218-1-1-001,230
819,FAS-212830-2218-1-1-001,15
820,FAS-205105-2218-1-1-001,27
821,FAS-212832-2218-1-1-001,19
822,FAS-123674-2218-1-1-001,161
823,FAS-144594-2218-1-1-001,68
824,FAS-142224-2218-1-1-001,21
825,FAS-130236-2218-1-1-001,17
826,FAS-218751-2218-1-1-001,37
827,FAS-145857-2218-1-1-001,17
828,FAS-131261-2218-1-1-001,9
829,FAS-142688-2218-1-1-001,13
830,FAS-145414-2218-1-1-001,8
831,FAS-148242-2218-1-1-001,10
832,FAS-133181-2218-1-1-001,29
833,FAS-108031-2218-1-1-001,25
834,FAS-132738-2218-1-1-001,64
835,FAS-156186-2218-1-1-001,17
836,FAS-218341-2218-1-1-001,29
837,FAS-109600-2218-1-1-001,88
838,FAS-218342-2218-1-1-001,22
839,FAS-121759-2218-1-1-001,11
840,FAS-156021-2218-1-1-001,13
841,FAS-113573-2218-1-1-001,15
842,FAS-000138-2218-1-1-001,34
843,FAS-117823-2218-1-1-001,41
844,FAS-112463-2218-1-1-001,11
845,FAS-218324-2218-1-1-001,20
846,FAS-116996-2218-1-1-001,13
847,FAS-111785-2218-1-1-001,28
848,FAS-218280-2218-1-1-001,25
849,FAS-122575-2218-1-1-001,187
850,FAS-111164-2218-1-1-001,76
851,FAS-109457-2218-1-1-001,71
852,FAS-111896-2218-1-1-001,35
853,FAS-124154-2218-1-1-001,50
854,FAS-111197-2218-1-1-001,22
855,FAS-121885-2218-1-1-001,6
856,FAS-111967-2218-1-1-001,7
857,FAS-207005-2218-1-1-001,41
858,FAS-121993-2218-1-1-001,10
859,FAS-108465-2218-1-1-001,25
860,FAS-111231-2218-1-1-001,22
861,FAS-111731-2218-1-1-001,16
862,FAS-111314-2218-1-1-001,15
863,FAS-112107-2218-1-1-001,27
864,FAS-218167-2218-1-1-001,16
865,FAS-122930-2218-1-1-001,27
866,FAS-122818-2218-1-1-001,13
867,FAS-110526-2218-1-1-001,57
868,FAS-203329-2218-1-1-001,42
869,FAS-118509-2218-1-1-001,51
870,FAS-126551-2218-1-1-001,33
871,FAS-114178-2218-1-1-001,104
872,FAS-123941-2218-1-1-001,382
873,FAS-203208-2218-1-1-001,19
874,FAS-126556-2218-1-1-001,114
875,FAS-216078-2218-1-1-001,18
876,FAS-116622-2218-1-1-001,23
877,FAS-122224-2218-1-1-001,84
878,FAS-216446-2218-1-1-001,13
879,FAS-207573-2218-1-1-001,28
880,FAS-218502-2218-1-1-001,37
881,FAS-216386-2218-1-1-001,14
882,FAS-216126-2218-1-1-001,14
883,FAS-218508-2218-1-1-001,12
884,FAS-125979-2218-1-1-001,10
885,FAS-218489-2218-1-1-001,15
886,FAS-216447-2218-1-1-001,9
887,FAS-123305-2218-1-1-001,15
888,FAS-218511-2218-1-1-001,10
889,FAS-218525-2218-1-1-001,14
890,FAS-118254-2218-1-1-001,129
891,FAS-127078-2218-1-1-001,49
892,FAS-116095-2218-1-1-001,62
893,FAS-121738-2218-1-1-001,17
894,FAS-118790-2218-1-1-001,8
895,FAS-117820-2218-1-1-001,11
896,FAS-207497-2218-1-1-001,10
897,FAS-119124-2218-1-1-001,9
898,FAS-160667-2218-1-1-001,25
899,FAS-120559-2218-1-1-001,14
900,FAS-115582-2218-1-1-001,12
901,FAS-113780-2218-1-1-001,5
902,FAS-156623-2218-1-1-001,8
903,FAS-114362-2218-1-1-001,8
904,FAS-208031-2218-1-1-1,23
905,FAS-107859-2218-1-1-01,11
906,FAS-125125-2218-1-1-01,8
907,FAS-216807-2218-1-1-01,10
908,FAS-156249-2218-1-1-01,5
909,FAS-161217-2218-1-1-01,16
910,FAS-217619-2218-1-1-001,9
911,FAS-122916-2218-1-1-001,10
912,FAS-126942-2218-1-1-002,12
913,FAS-217619-2218-1-1-002,6
914,FAS-112005-2218-1-1-001,6
915,FAS-109826-2218-1-1-001,10
916,FAS-207932-2218-1-1-001,10
917,FAS-126038-2218-1-1-001,14
918,FAS-113814-2218-1-1-001,11
919,FAS-113814-2218-1-1-004,7
920,FAS-113814-2218-1-1-002,9
921,FAS-207950-2218-1-1-001,21
922,FAS-113814-2218-1-1-003,10
923,FAS-124524-2218-1-1-001,9
924,FAS-114200-2218-1-1-001,10
925,FAS-205260-2218-1-2-001,12
926,FAS-125058-2218-1-1-002,16
927,FAS-125058-2218-1-1-003,16
928,FAS-115920-2218-1-1-002,7
929,FAS-109820-2218-1-1-001,16
930,FAS-127573-2218-1-1-003,11
931,FAS-115919-2218-1-1-001,10
932,FAS-127573-2218-1-1-001,13
933,FAS-109772-2218-1-1-001,14
934,FAS-110578-2218-1-1-001,7
935,FAS-141012-2218-1-1-001,20
936,FAS-218536-2218-1-1-001,16
937,FAS-217638-2218-1-1-001,9
938,FAS-108816-2218-1-1-001,7
939,FAS-108818-2218-1-1-001,10
940,FAS-110074-2218-1-1-001,7
941,FAS-122907-2218-1-1-002,6
942,FAS-109342-2218-1-1-001,5
943,FAS-112823-2218-1-1-001,11
944,FAS-120717-2218-1-1-001,11
945,FAS-218659-2218-1-1-001,10
946,FAS-110859-2218-1-1-001,8
947,FAS-127533-2218-1-1-001,10
948,FAS-218532-2218-1-1-001,16
949,FAS-215995-2218-1-1-001,27
950,FAS-218574-2218-1-1-001,14
951,FAS-205015-2218-1-1-001,13
952,FAS-115470-2218-1-1-001,103
953,FAS-218541-2218-1-1-001,9
954,FAS-213383-2218-1-1-001,9
955,FAS-218231-2218-1-1-001,35
956,FAS-218582-2218-1-1-001,12
957,FAS-116329-2218-1-1-001,10
958,FAS-115179-2218-1-1-001,7
959,FAS-127817-2218-1-1-001,9
960,FAS-125982-2218-1-1-001,10
961,FAS-156263-2218-1-1-001,10
962,FAS-213296-2218-1-1-001,7
963,FAS-216073-2218-1-1-001,9
964,FAS-218304-2218-1-1-001,9
965,FAS-115130-2218-1-1-001,42
966,FAS-205091-2218-1-1-001,11
967,FAS-215924-2218-1-1-001,11
968,FAS-212727-2218-1-1-001,43
969,FAS-117946-2218-1-1-001,11
970,FAS-203333-2218-1-1-001,16
971,FAS-141657-2218-1-1-001,18
972,FAS-203368-2218-1-1-001,26
973,FAS-212659-2218-1-1-001,34
974,FAS-218204-2218-1-1-001,13
975,FAS-218200-2218-1-1-001,22
976,FAS-218199-2218-1-1-001,12
977,FAS-218201-2218-1-1-001,30
978,FAS-218202-2218-1-1-001,18
979,FAS-109680-2218-1-1-001,20
980,FAS-218203-2218-1-1-001,12
981,FAS-203272-2218-1-1-001,32
982,FAS-119985-2218-1-1-001,8
983,FAS-218279-2218-1-1-SEM,12
984,FAS-111781-2218-1-1-001,13
985,FAS-108137-2218-1-1-001,13
986,FAS-218268-2218-1-1-SEM,7
987,FAS-112874-2218-1-1-001,10
988,FAS-113639-2218-1-1-001,17
989,FAS-117877-2218-1-1-001,11
990,FAS-114270-2218-1-1-001,6
991,FAS-112079-2218-1-1-001,16
992,FAS-123045-2218-1-1-001,10
993,FAS-113324-2218-1-1-001,9
994,FAS-127491-2218-1-1-001,5
995,FAS-114027-2218-1-1-001,112
996,FAS-159964-2218-1-1-001,28
997,FAS-110766-2218-1-1-001,646
998,FAS-156425-2218-1-1-001,32
999,FAS-160736-2218-1-1-001,13
1000,FAS-203101-2218-1-1-001,230
1001,FAS-110751-2218-1-1-001,76
1002,FAS-111696-2218-1-1-001,60
1003,FAS-127856-2218-1-1-001,18
1004,FAS-218350-2218-1-1-001,15
1005,FAS-111130-2218-1-1-001,43
1006,FAS-110392-2218-1-1-001,13
1007,FAS-125800-2218-1-1-001,43
1008,FAS-125804-2218-1-1-001,20
1009,FAS-212688-2218-1-1-001,11
1010,FAS-128041-2218-1-1-001,30
1011,FAS-213478-2218-1-1-001,50
1012,FAS-125185-2218-1-1-01,11
1013,FAS-204006-2218-1-1-001,20
1014,FAS-204358-2218-1-1-01,32
1015,FAS-218466-2218-1-1-01,32
1016,FAS-216826-2218-1-1-001,11
1017,FAS-207571-2218-1-1-001,12
1018,FAS-218290-2218-1-1-001,37
1019,FAS-160647-2218-1-1-001,7
1020,FAS-117461-2218-1-1-001,12
1021,FAS-118497-2218-1-1-001,14
1022,FAS-160654-2218-1-1-001,14
1023,FAS-215995-2218-1-2-001,27
1024,FAS-123080-2218-1-1-001,8
1025,FAS-207819-2218-1-1-001,8
1026,FAS-217446-2218-1-1-001,23
1027,FAS-215988-2218-1-1-001,14
1028,FAS-156461-2218-1-1-001,12
1029,FAS-217585-2218-1-1-001,21
1030,FAS-120677-2218-1-1-001,16
1031,FAS-217409-2218-1-1-001,11
1032,FAS-108619-2218-1-1-001,16
1033,FAS-208114-2218-1-2-0001,31
1034,FAS-142819-2218-1-1-01,11
1035,FAS-126957-2218-1-1-001,17
1036,FAS-205489-2218-1-1-001,14
1037,FAS-207804-2218-1-2-001,15
